Date,Time,CED_METER_READING,CED_DAILY CONS.,Oven_METER _READING,Oven_DAILY _CONS.,PT_METER READING,PT_DAILY CONS.,REC_METER_READING,REC_DAILY_CONS.,CH1_METER READING,CH1_DAILY_CONS.,CH2_METER_READING,CH2_DAILY_CONS.,GasFlow_MR_kg,GasFlow_DC_kg
,,KWH,KWH,KWH,KWH,KWH,KWH,KWH,KWH,KWH,KWH,KWH,KWH,Kg,Kg
4/1/2019,5:23:05,182517,50,102333,8,51597,62,45465,0,866,1,380597,238,39277.24,0
4/1/2019,13:53:04,182624,107,102737,402,51814,217,45578,112,867,1,381305,699,39435.61,157.3945
4/1/2019,22:23:04,182717,94,103072,337,51916,103,45703,126,868,1,382425,1128,39555.8,121.168
4/2/2019,5:23:03,182769,52,103081,9,51952,35,45703,0,869,1,382729,304,39555.8,0
4/2/2019,13:53:02,182879,110,103506,423,52188,236,45928,224,871,2,383850,1112,39763.49,206.9609
4/2/2019,22:23:02,182967,88,103812,308,52261,74,46014,86,872,1,385058,1215,39860.98,98.21484
4/3/2019,5:23:02,183019,52,103820,8,52296,34,46014,0,873,1,385310,253,39860.98,0
4/3/2019,13:53:01,183130,111,104246,424,52534,238,46236,221,874,1,386479,1164,40069.8,207.8477
4/3/2019,22:23:00,183214,84,104616,372,52601,68,46322,87,875,1,387815,1341,40160.85,92.01953
4/4/2019,5:23:00,183265,51,104624,8,52636,34,46322,0,877,2,388182,367,40160.85,0
4/4/2019,13:52:59,183378,112,105055,430,52870,233,46551,229,878,1,389559,1366,40380.57,218.7305
4/4/2019,22:22:59,183456,78,105435,381,52915,45,46608,57,879,1,390916,1367,40451.35,71.76953
4/5/2019,5:22:58,183506,51,105443,8,52951,36,46608,0,880,1,391298,382,40451.35,0
4/5/2019,13:52:58,183618,111,105868,423,53194,243,46835,227,881,1,392582,1274,40667.57,215.4844
4/5/2019,22:22:57,183695,77,106141,275,53236,43,46885,50,883,2,393980,1406,40738.61,71.77734
4/6/2019,5:22:57,183745,50,106149,8,53273,36,46885,0,884,1,394515,536,40738.61,0
4/6/2019,13:52:56,183857,112,106576,426,53513,240,47114,227,885,1,395926,1406,40953.73,214.1563
4/6/2019,22:22:56,183938,81,106952,377,53558,46,47174,62,886,1,397308,1386,41027.93,74.92578
4/7/2019,5:22:55,183990,51,106953,1,53566,8,47174,0,887,1,397870,562,41027.93,0
4/7/2019,13:52:55,184057,68,106955,2,53570,4,47174,0,888,1,398617,742,41027.93,0
4/7/2019,22:22:54,184121,64,106957,2,53570,0,47174,0,890,2,399472,860,41027.93,0
4/8/2019,5:22:54,184171,49,106959,2,53606,35,47174,0,891,1,400006,534,41027.93,0
4/8/2019,13:52:53,184283,113,107375,415,53852,246,47408,232,892,1,401050,1044,41238.27,209.3555
4/8/2019,22:22:53,184358,74,107624,250,53880,29,47444,38,893,1,401898,848,41302.23,64.69141
4/9/2019,5:22:52,184410,52,107626,2,53920,39,47444,0,894,1,402204,306,41302.23,0
4/9/2019,13:52:52,184520,110,108065,437,54166,246,47690,245,896,2,403314,1105,41509.83,207.3555
4/9/2019,22:22:51,184594,75,108373,309,54184,19,47714,25,897,1,404499,1185,41549.38,39.79297
4/10/2019,5:22:51,184644,50,108374,1,54221,37,47714,0,898,1,404935,439,41549.38,0
4/10/2019,13:52:50,184754,110,108789,413,54461,239,47938,223,899,1,406366,1425,41763.36,213.0117
4/10/2019,22:22:50,184831,77,109125,337,54504,44,47983,45,900,1,407651,1290,41830.32,67.93359
4/11/2019,5:22:49,184882,51,109127,2,54539,35,47983,0,902,2,408146,491,41830.32,0
4/11/2019,13:52:49,184994,111,109544,416,54784,244,48212,228,903,1,409183,1035,70.45457,-41760.84
4/11/2019,22:22:48,185072,79,109918,375,54831,47,48266,55,904,1,410534,1351,136.5333,67.04872
4/12/2019,5:22:48,185123,51,109920,2,54862,30,48266,0,905,1,411102,572,136.5333,0
4/12/2019,13:52:47,185230,106,110330,408,55101,239,48496,229,906,1,412135,1029,351.0872,213.8288
4/12/2019,22:22:47,185313,84,110611,283,55138,38,48542,47,908,2,413318,1186,417.0627,66.70065
4/13/2019,5:22:46,185373,60,110612,1,55143,5,48542,0,909,1,413622,305,417.0627,0
4/13/2019,13:52:46,185433,60,110614,2,55143,0,48542,0,910,1,414304,682,417.0627,0
4/13/2019,22:22:46,185483,50,110616,2,55143,0,48542,0,911,1,415134,830,417.0627,0
4/14/2019,5:22:45,185530,46,110618,2,55143,0,48542,0,912,1,415408,274,417.0627,0
4/14/2019,13:52:44,185589,59,110620,2,55148,5,48542,0,913,1,416067,659,417.0627,0
4/14/2019,22:22:44,185651,63,110622,2,55151,3,48542,0,915,2,417176,1109,417.0627,0
4/15/2019,5:22:44,185700,49,110624,2,55200,49,48542,0,916,1,417635,459,417.0627,0
4/15/2019,13:52:43,185809,109,111055,429,55443,242,48732,189,917,1,418888,1247,637.4222,219.3948
4/15/2019,22:22:42,185890,81,111437,384,55499,57,48789,58,918,1,420179,1297,720.6963,83.99829
4/16/2019,5:22:42,185941,50,111439,2,55527,27,48789,0,919,1,420623,440,720.6963,0
4/16/2019,13:52:42,186046,106,111865,424,55769,242,49011,221,921,2,421558,933,934.6188,212.9609
4/16/2019,22:22:40,186117,71,112170,307,55785,17,49031,21,922,1,422469,912,974.4449,40.54767
4/17/2019,5:22:41,186167,50,112172,2,55818,32,49031,0,923,1,422520,53,974.4449,0
4/17/2019,13:52:40,186275,108,112597,423,56051,233,49241,210,924,1,423402,875,1191.697,216.274
4/17/2019,22:22:38,186338,62,113030,434,56056,5,49241,0,925,1,423830,436,1240.228,49.50916
4/18/2019,5:22:37,186388,50,113032,2,56094,37,49241,0,926,1,423904,74,1240.228,0
4/18/2019,13:52:36,186490,102,113447,413,56337,243,49461,220,928,2,424766,852,1454.258,213.0503
4/18/2019,22:22:36,186563,73,113768,322,56377,41,49510,49,929,1,425501,744,1519.043,65.7644
4/19/2019,5:22:35,186613,50,113770,2,56416,38,49510,0,930,1,425740,235,1519.043,0
4/19/2019,13:52:35,186714,100,114178,406,56659,243,49754,243,931,1,426943,1201,1726.61,206.5822
4/19/2019,22:22:34,186782,69,114410,234,56679,21,49782,29,933,2,427911,973,1778.12,52.49487
4/20/2019,5:22:34,186830,48,114411,1,56707,28,49782,0,934,1,428282,367,1778.12,0
4/20/2019,13:52:33,186937,106,114829,416,56952,244,50021,239,935,1,429493,1203,1993.048,213.9463
4/20/2019,22:22:32,187010,74,115137,310,56973,22,50050,29,936,1,430699,1212,2037.244,45.1781
4/21/2019,5:22:32,187059,48,115139,2,56979,6,50050,0,937,1,431062,366,2037.244,0
4/21/2019,13:52:32,187125,67,115141,2,56982,3,50050,0,938,1,431729,667,2037.244,0
4/21/2019,22:22:30,187184,59,115143,2,56984,2,50050,0,940,2,432825,1096,2037.244,0
4/22/2019,5:22:31,187232,48,115145,2,57031,46,50050,0,941,1,433237,412,2037.244,0
4/22/2019,13:52:30,187340,107,115561,414,57278,247,50275,224,942,1,434646,1403,2250.481,212.2599
4/22/2019,22:22:30,187409,70,115887,328,57293,16,50299,25,943,1,435947,1302,2296.289,46.78467
4/23/2019,5:22:30,187459,49,115889,2,57327,33,50299,0,944,1,436466,523,2296.289,0
4/23/2019,13:52:29,187566,108,116308,418,57580,252,50540,239,946,2,437604,1133,2513.637,216.6177
4/23/2019,22:22:29,187638,71,116657,350,57605,26,50583,44,947,1,439016,1412,2569.346,56.4397
4/24/2019,5:22:28,187686,49,116659,2,57641,35,50583,0,948,1,439765,750,2569.346,0
4/24/2019,13:52:28,187791,105,117067,406,57890,249,50822,238,949,1,440898,1131,2783.262,212.947
4/24/2019,22:22:26,187863,72,117326,261,57932,43,50873,52,950,1,442486,1593,2848.948,66.41089
4/25/2019,5:22:27,187910,47,117327,1,57966,33,50873,0,951,1,443106,611,2848.948,0
4/25/2019,13:52:27,188018,107,117730,402,58210,244,51116,242,953,2,444539,1435,3060.533,210.6201
4/25/2019,22:22:25,188099,82,118080,351,58246,37,51167,52,954,1,445935,1397,3123.828,64.01831
4/26/2019,5:22:26,188153,54,118082,2,58268,21,51167,0,955,1,446624,694,3123.828,0
4/26/2019,13:52:25,188265,112,118498,415,58513,245,51411,242,956,1,447811,1187,3342.461,217.668
4/26/2019,22:22:25,188344,79,118859,362,58546,34,51457,48,1033,76,447823,12,3401.781,60.28442
4/27/2019,5:22:25,188396,52,118860,1,58579,32,51457,0,1186,153,447823,0,3401.781,0
4/27/2019,13:52:25,188507,111,119272,411,58822,243,51708,250,1296,111,447823,0,3617.77,215.0061
4/27/2019,22:22:24,188575,68,119595,324,58838,17,51726,18,1416,120,447823,0,3654.441,37.65405
4/28/2019,5:22:24,188626,50,119597,2,58844,6,51726,0,1521,104,447823,0,3654.441,0
4/28/2019,13:52:24,188688,63,119599,2,58845,1,51726,0,1602,82,447823,0,3654.441,0
4/28/2019,22:22:23,188748,60,119601,2,58848,3,51726,0,1746,144,447823,0,3654.441,0
4/29/2019,5:22:24,188797,49,119603,2,58885,36,51726,0,1802,56,447823,0,3654.441,0
4/29/2019,13:52:24,188900,103,120005,401,59134,249,51961,234,1972,168,447823,0,3865.19,209.7717
4/29/2019,22:22:23,188973,73,120159,155,59164,31,52007,47,2119,148,447823,0,3933.206,68.99316
4/30/2019,5:22:23,189023,50,120160,1,59201,36,52007,0,2176,55,447823,0,3933.206,0
4/30/2019,13:52:23,189133,109,120572,411,59446,245,52241,233,2340,165,447823,0,4136.679,202.7383
4/30/2019,22:22:22,189210,78,120918,347,59470,25,52271,31,2519,180,447823,0,4186.984,51.04004
5/1/2019,5:22:23,189261,51,120926,8,59515,44,52271,0,2576,57,447823,0,4186.984,0
5/1/2019,13:52:22,189372,111,121336,408,59753,238,52496,224,2753,177,447823,0,4394.306,206.3569
5/1/2019,22:22:22,189446,74,121713,379,59784,32,52538,43,2929,175,447823,0,4457.762,64.42139
5/2/2019,5:22:22,189497,51,121721,8,59819,35,52538,0,2979,51,447823,0,4457.762,0
5/2/2019,13:52:22,189605,108,122121,399,60056,236,52762,223,3149,169,447823,0,4664.458,206.6953
5/2/2019,22:22:20,189676,71,122252,132,60086,31,52791,30,3262,114,447823,0,4718.367,53.90967
5/3/2019,5:22:21,189725,49,122260,8,60115,28,52791,0,3306,44,447823,0,4718.367,0
5/3/2019,13:52:21,189832,107,122665,404,60351,236,53035,242,3435,127,447823,0,4921.358,202.0054
5/3/2019,22:22:21,189904,72,122977,313,60366,16,53049,16,3569,136,447823,0,4957.063,36.44287
5/4/2019,5:22:20,189955,51,122985,8,60400,34,53049,0,3623,54,447823,0,4957.063,0
5/4/2019,13:52:20,190060,105,123367,381,60634,233,53264,213,3765,140,447823,0,5141.205,183.1792
5/4/2019,22:22:20,190140,80,123499,133,60665,31,53307,44,3914,151,447823,0,5201.583,61.09961
5/5/2019,5:22:19,190191,51,123507,8,60672,7,53307,0,3958,44,447823,0,5201.583,0
5/5/2019,13:52:19,190258,67,123516,9,60673,1,53307,0,3978,20,447823,0,5201.583,0
5/5/2019,22:22:19,190324,65,123526,10,60673,0,53307,0,3980,2,447823,0,5201.583,0
5/6/2019,5:22:17,190374,50,123534,8,60694,20,53307,0,3982,2,447823,0,5201.583,0
5/6/2019,13:52:17,190475,102,123922,386,60924,230,53533,225,4259,275,447823,0,5400.993,198.6792
5/6/2019,22:22:18,190545,70,124056,135,60955,32,53566,33,4425,167,447823,0,5464.083,63.8208
5/7/2019,5:22:17,190596,51,124064,8,60989,33,53566,0,4478,53,447823,0,5464.083,0
5/7/2019,13:52:16,190692,96,124434,368,61221,232,53768,201,4629,149,447823,0,5651.551,186.5029
5/7/2019,22:22:17,190760,68,124778,346,61245,25,53799,32,4802,173,447823,0,5703.082,52.25586
5/8/2019,5:22:16,190811,50,124786,8,61273,27,53799,0,4871,70,447823,0,5703.082,0
5/8/2019,13:52:16,190897,87,125207,419,61421,149,53937,138,5040,168,447823,0,5854.559,151.4771
5/8/2019,22:22:16,190957,60,125380,175,61424,3,53937,0,5184,144,447823,0,5854.559,0
5/9/2019,5:22:16,191008,51,125388,8,61460,36,53937,0,5245,62,447823,0,5854.559,0
5/9/2019,13:52:16,191096,88,125805,415,61611,151,54070,133,5404,159,447823,0,6010.511,155.9521
5/9/2019,22:22:16,191157,60,125972,169,61614,3,54070,0,5559,155,447823,0,6010.511,0
5/10/2019,5:22:15,191206,50,125980,8,61617,3,54070,0,5642,83,447823,0,6010.511,0
5/10/2019,13:52:15,191276,70,126100,119,61716,98,54104,34,5752,109,447823,0,6056.964,45.46826
5/10/2019,22:22:15,191354,78,126521,422,61800,85,54221,117,5940,189,447823,0,6182.893,126.9136
5/11/2019,5:22:16,191404,50,126529,8,61832,32,54221,0,5998,58,447823,0,6182.893,0
5/11/2019,13:52:15,191501,97,126946,415,62027,195,54409,188,6152,154,447823,0,6389.582,206.6885
5/11/2019,22:22:14,191562,61,126962,18,62031,4,54409,0,6265,113,447823,0,6389.582,0
5/12/2019,5:22:15,191612,49,126970,8,62035,4,54409,0,6319,54,447823,0,6389.582,0
5/12/2019,13:52:14,191671,60,126978,8,62039,4,54409,0,6424,105,447823,0,6389.582,0
5/12/2019,22:22:14,191729,58,126987,9,62043,4,54409,0,6524,98,447823,0,6389.582,0
5/13/2019,5:22:14,191777,48,126995,8,62072,28,54409,0,6576,54,447823,0,6389.582,0
5/13/2019,13:52:13,191872,94,127384,388,62304,232,54641,231,6739,162,447823,0,6587.475,196.9277
5/13/2019,22:22:13,191938,67,127706,323,62317,14,54661,21,6897,158,447823,0,6629.137,42.62744
5/14/2019,5:22:13,191987,48,127709,3,62317,0,54661,0,6941,45,447823,0,6629.137,0
5/14/2019,13:52:13,192072,86,128031,321,62501,184,54792,131,7050,109,447823,0,6782.685,153.5479
5/14/2019,22:22:13,192133,61,128243,213,62504,3,54792,0,7155,105,447823,0,6782.685,0
5/15/2019,5:22:13,192183,50,128245,2,62536,31,54792,0,7183,28,447823,0,6782.685,0
5/15/2019,13:52:12,192281,97,128660,414,62770,234,55031,239,7327,143,447823,0,7003.366,219.6909
5/15/2019,22:22:12,192350,70,128870,211,62782,13,55037,6,7426,100,447823,0,7040.293,37.91797
5/16/2019,5:22:10,192408,58,128872,2,62814,32,55037,0,7486,60,447823,0,7040.293,0
5/16/2019,13:52:11,192511,103,129275,401,63046,231,55276,238,7634,147,447823,0,7254.189,212.9097
5/16/2019,22:22:11,192584,73,129601,328,63067,22,55310,35,7758,125,447826,3,7310.154,56.70361
5/17/2019,5:22:10,192636,51,129602,1,63096,28,55310,0,7816,57,447826,0,7310.154,0
5/17/2019,13:52:09,192744,108,130008,405,63329,233,55542,232,7956,139,447826,0,7515.549,204.4365
5/17/2019,22:22:09,192811,68,130275,268,63336,8,55550,8,8045,90,447826,0,7549.147,34.31592
5/18/2019,5:22:08,192861,50,130277,2,63370,33,55550,0,8102,55,447826,0,7549.147,0
5/18/2019,13:52:08,192961,99,130686,407,63550,181,55723,173,8238,137,447830,4,7731.653,182.5063
5/18/2019,22:22:08,193027,65,130706,21,63553,3,55723,0,8338,99,447830,0,7731.653,0
5/19/2019,5:22:09,193079,53,130708,2,63560,7,55723,0,8390,52,447830,0,7731.653,0
5/19/2019,13:52:08,193145,66,130710,2,63560,0,55723,0,8488,99,447830,0,7731.653,0
5/19/2019,22:22:07,193210,65,130712,2,63560,0,55723,0,8618,129,447830,0,7731.653,0
5/20/2019,5:22:07,193260,50,130714,2,63600,39,55723,0,8679,62,447830,0,7731.653,0
5/20/2019,13:52:07,193360,100,131079,364,63788,189,55871,148,8846,167,447830,0,7883.932,152.2783
5/20/2019,22:22:05,193424,64,131292,214,63791,3,55871,0,8990,144,447830,0,7883.932,0
5/21/2019,5:22:06,193477,52,131294,2,63836,44,55871,0,9055,65,447830,0,7883.932,0
5/21/2019,13:52:05,193583,106,131684,389,64071,235,56086,214,9244,189,447848,18,8083.902,199.0239
5/21/2019,22:22:05,193649,67,131730,47,64076,6,56093,8,9400,156,447879,31,8108.667,25.71094
5/22/2019,5:22:04,193699,50,131732,2,64079,3,56093,0,9478,77,447890,11,8108.667,0
5/22/2019,13:52:04,193760,61,131734,2,64081,2,56093,0,9585,107,447903,13,8108.667,0
5/22/2019,22:22:03,193822,62,131736,2,64084,3,56093,0,9742,157,447925,22,8108.667,0
5/23/2019,5:22:03,193873,51,131751,12,64115,31,56093,0,9823,81,447925,0,8109.73,0.7753906
5/23/2019,13:52:02,193976,103,132191,440,64349,233,56307,212,9969,145,447925,0,8331.188,221.0298
5/23/2019,22:22:01,194065,89,132472,283,64464,116,56450,145,10133,164,447991,66,8483.983,153.5117
5/24/2019,5:22:00,194115,49,132474,2,64490,25,56450,0,10192,59,447991,0,8483.983,0
5/24/2019,13:52:00,194216,102,132868,393,64713,224,56649,199,10285,94,447991,0,8682.448,197.5195
5/24/2019,22:22:00,194276,59,133131,264,64716,3,56649,0,10384,99,447991,0,8703.869,22.12891
5/25/2019,5:21:59,194326,51,133133,2,64719,3,56649,0,10444,60,447991,0,8703.869,0
5/25/2019,13:51:58,194392,65,133135,2,64722,3,56649,0,10539,94,447991,0,8703.869,0
5/25/2019,22:21:58,194458,67,133137,2,64733,11,56649,0,10599,61,448561,564,8703.869,0
5/26/2019,5:21:57,194509,51,133139,2,64740,7,56649,0,10601,2,449137,577,8703.869,0
5/26/2019,13:51:57,194575,65,133141,2,64745,5,56649,0,10603,2,450031,893,8703.869,0
5/26/2019,22:21:56,194642,67,133143,2,64749,3,56649,0,10605,2,451454,1423,8703.869,0
5/27/2019,5:21:56,194692,51,133145,2,64779,30,56649,0,10607,2,452167,713,8703.869,0
5/27/2019,13:51:55,194797,104,133543,396,65004,226,56870,221,10609,2,454087,1913,8906.041,201.2266
5/27/2019,22:21:55,194866,70,133749,208,65008,4,56871,1,10611,2,455811,1730,8934.618,29.52246
5/28/2019,5:21:55,194919,53,133751,2,65034,25,56871,0,10612,1,456586,779,8934.618,0
5/28/2019,13:51:54,195014,95,134158,405,65173,140,56985,114,10614,2,458345,1754,9062.757,128.1387
5/28/2019,22:21:54,195081,67,134337,181,65176,3,56985,0,10616,2,460050,1706,9062.757,0
5/29/2019,5:21:54,195132,51,134339,2,65194,18,56985,0,10618,2,460858,812,9062.757,0
5/29/2019,13:51:54,195233,101,134699,358,65396,202,57127,142,10620,2,462701,1837,9229.203,165.5039
5/29/2019,22:21:54,195299,66,135023,325,65406,10,57127,0,10622,2,464103,1402,9238.71,10.44922
5/30/2019,5:21:53,195352,53,135025,2,65411,5,57127,0,10624,2,464936,834,9238.71,0
5/30/2019,13:51:53,195417,65,135027,2,65444,33,57127,0,10626,2,466120,1181,9238.71,0
5/30/2019,22:21:53,195481,64,135029,2,65508,64,57127,0,10628,2,467542,1424,9238.71,0
5/31/2019,5:21:53,195535,53,135031,2,65545,37,57127,0,10630,2,468420,882,9238.71,0
5/31/2019,13:51:52,195598,63,135032,1,65550,5,57127,0,10632,2,469772,1347,9238.71,0
5/31/2019,22:21:52,195658,61,135035,3,65572,22,57127,0,10634,2,471215,1444,9238.71,0
6/1/2019,5:21:52,195708,50,135036,1,65581,9,57127,0,10636,2,471984,769,9238.71,0
6/1/2019,13:51:52,195775,67,135038,2,65586,5,57127,0,10638,2,473312,1321,9238.71,0
6/1/2019,22:21:52,195845,70,135040,2,65590,4,57127,0,10640,2,474922,1615,9238.71,0
6/2/2019,5:21:51,195896,51,135042,2,65593,3,57127,0,10641,1,475861,939,9238.71,0
6/2/2019,13:51:51,195964,67,135044,2,65597,4,57127,0,10643,2,477237,1375,9238.71,0
6/2/2019,22:21:51,196026,61,135046,2,65600,3,57127,0,10645,2,478934,1698,9238.71,0
6/3/2019,5:21:51,196077,51,135048,2,65633,32,57127,0,10647,2,479874,939,9238.71,0
6/3/2019,13:51:50,196172,94,135340,290,65869,236,57273,145,10649,2,481698,1819,9366.136,126.7129
6/3/2019,22:21:50,196253,82,135748,410,65927,59,57337,65,10651,2,483676,1982,9445.539,80.11621
6/4/2019,5:21:49,196304,51,135749,1,65957,29,57337,0,10653,2,484404,732,9445.539,0
6/4/2019,13:51:50,196413,109,136139,388,66198,241,57542,204,10655,2,486006,1598,9637.556,191.2988
6/4/2019,22:21:50,196493,79,136544,407,66235,38,57584,43,10657,2,487729,1723,9710.836,73.99805
6/5/2019,5:21:48,196546,54,136546,1,66235,0,57584,0,10659,2,488551,826,9710.836,0
6/5/2019,13:51:49,196608,62,136548,3,66235,0,57584,0,10661,2,489800,1240,9710.836,0
6/5/2019,22:21:49,196670,61,136550,2,66235,0,57584,0,10663,2,491485,1690,9710.836,0
6/6/2019,5:21:48,196720,51,136552,2,66266,31,57584,0,10665,2,492286,801,9710.836,0
6/6/2019,13:51:48,196831,110,136951,397,66512,245,57799,214,10667,2,494292,2000,9906.872,195.0771
6/6/2019,22:21:48,196914,84,137334,384,66546,35,57834,36,10669,2,496003,1720,9967.402,61.25098
6/7/2019,5:21:47,196965,51,137336,1,66575,28,57834,0,10670,1,496812,809,9967.402,0
6/7/2019,13:51:47,197072,106,137734,398,66822,246,58045,210,10672,2,498525,1703,10145.46,177.1289
6/7/2019,22:21:47,197148,76,138105,372,66851,30,58075,31,10674,2,500376,1855,10194.93,50.40137
6/8/2019,5:21:48,197199,50,138107,2,66889,37,58075,0,10676,2,501164,792,10194.93,0
6/8/2019,13:51:47,197301,103,138503,395,67131,242,58283,207,10678,2,503144,1969,10402.05,206.1719
6/8/2019,22:21:47,197377,76,138890,388,67154,24,58314,32,10680,2,504691,1552,10455.9,54.79102
6/9/2019,5:21:48,197430,52,138891,1,67163,9,58314,0,10682,2,505524,834,10455.9,0
6/9/2019,13:51:48,197498,69,138893,2,67163,0,58314,0,10684,2,506776,1247,10455.9,0
6/9/2019,22:21:47,197562,64,138895,2,67163,0,58314,0,10686,2,508672,1896,10455.9,0
6/10/2019,5:21:48,197612,50,138897,2,67198,34,58314,0,10687,1,509601,932,10455.9,0
6/10/2019,13:51:48,197720,108,139278,380,67443,245,58524,209,10689,2,511661,2058,10651.12,194.2744
6/10/2019,22:21:47,197791,71,139664,387,67459,17,58550,27,10693,4,512984,1319,10699.96,49.79492
6/11/2019,5:21:48,197839,48,139666,2,67495,35,58550,0,10695,2,514051,1068,10699.96,0
6/11/2019,13:51:48,197942,103,140054,386,67743,248,58763,212,10697,2,516177,2123,10903.54,202.6123
6/11/2019,22:21:47,198016,74,140447,395,67766,24,58792,30,10699,2,517784,1612,10954.49,51.91699
6/12/2019,5:21:48,198066,50,140449,2,67804,37,58792,0,10701,2,518783,1000,10954.49,0
6/12/2019,13:51:47,198170,104,140839,388,68046,243,59000,207,10703,2,520414,1624,11158.51,203.2959
6/12/2019,22:21:47,198242,71,141202,364,68066,20,59023,24,10705,2,522075,1667,11203.21,45.4248
6/13/2019,5:21:47,198291,50,141204,2,68098,32,59023,0,10707,2,522749,678,11203.21,0
6/13/2019,13:51:48,198395,103,141580,374,68330,231,59221,197,10709,2,524504,1744,11386.1,181.9307
6/13/2019,22:21:48,198471,77,141707,129,68355,26,59238,18,10711,2,526326,1822,11431.9,46.75195
6/14/2019,5:21:48,198521,50,141709,2,68376,20,59238,0,10712,1,527193,872,11431.9,0
6/14/2019,13:51:48,198629,107,142098,387,68613,238,59449,211,10714,2,529173,1973,11636.29,203.4443
6/14/2019,22:21:48,198698,69,142450,354,68616,3,59449,0,10716,2,530994,1831,11666.34,30.75781
6/15/2019,5:21:48,198747,50,142451,1,68635,18,59449,0,10718,2,531802,803,11666.34,0
6/15/2019,13:51:48,198847,100,142843,391,68880,245,59655,205,10720,2,533751,1948,11864.6,198.2627
6/15/2019,22:21:48,198923,76,143254,412,68917,38,59690,36,10830,110,534251,505,11911.1,46.50293
6/16/2019,5:21:47,198971,48,143256,2,68927,10,59690,0,10831,1,534918,667,11911.1,0
6/16/2019,13:51:47,199035,64,143258,2,68932,5,59690,0,10834,3,535789,871,11911.1,0
6/16/2019,22:21:48,199097,62,143260,2,68936,4,59690,0,10836,2,536967,1178,11911.1,0
6/17/2019,5:21:47,199144,47,143262,1,68971,34,59690,0,10837,1,537730,763,11911.1,0
6/17/2019,13:51:48,199245,101,143645,382,69210,239,59904,213,10839,2,539664,1924,12110.15,198.1016
6/17/2019,22:21:48,199315,70,143900,254,69245,35,59930,27,10841,2,541141,1478,12173.69,64.48633
6/18/2019,5:21:48,199363,47,143927,30,69272,26,59930,0,10843,2,541689,555,12173.69,0
6/18/2019,13:51:47,199465,102,144294,365,69507,235,60118,187,10845,2,542970,1272,12335.63,160.9922
6/18/2019,22:21:47,199536,72,144633,340,69526,20,60145,28,10847,2,544026,1064,12377,42.07422
6/19/2019,5:21:47,199586,49,144641,8,69528,2,60145,0,10849,2,544609,579,12377,0
6/19/2019,13:51:47,199680,94,144967,325,69713,185,60293,148,10851,2,546093,1478,12529.4,151.4609
6/19/2019,22:21:47,199740,61,145261,295,69717,4,60293,0,10853,2,547363,1271,12530.34,1.883789
6/20/2019,5:21:46,199790,49,145269,8,69750,33,60293,0,10855,2,548029,671,12530.34,0
6/20/2019,13:51:46,199889,100,145655,384,69991,240,60499,204,10857,2,549628,1591,12723.65,192.3535
6/20/2019,22:21:46,199965,76,146008,355,70023,33,60542,45,10859,2,550915,1293,12783.33,60.39941
6/21/2019,5:21:46,200014,49,146016,8,70047,23,60542,0,10860,1,551451,539,12783.33,0
6/21/2019,13:51:45,200117,103,146402,385,70269,223,60743,201,10862,2,552866,1406,12980.22,195.9268
6/21/2019,22:21:44,200176,59,146589,188,70273,4,60743,0,10864,2,554060,1203,12998.74,19.48047
6/22/2019,5:21:45,200224,48,146597,8,70291,18,60743,0,10866,2,554627,567,12998.74,0
6/22/2019,13:51:45,200329,105,146994,396,70537,245,60956,212,10868,2,556332,1694,13194.08,194.3984
6/22/2019,22:21:46,200398,69,147366,373,70548,12,60970,15,10870,2,558050,1728,13230.51,37.36816
6/23/2019,5:21:45,200446,48,147374,8,70556,8,60970,0,10872,2,558822,768,13230.51,0
6/23/2019,13:51:45,200498,51,147383,9,70560,4,60970,0,10874,2,559724,906,13230.51,0
6/23/2019,22:21:45,200559,62,147392,9,70562,2,60970,0,10876,2,561103,1379,13230.51,0
6/24/2019,5:21:44,200606,47,147400,8,70598,35,60970,0,10877,1,561821,718,13230.51,0
6/24/2019,13:51:44,200710,104,147802,401,70816,219,61153,182,10879,2,563471,1640,13422.82,191.3682
6/24/2019,22:21:43,200774,64,148056,255,70819,3,61153,1,10882,3,564377,911,13429,7.124023
6/25/2019,5:21:42,200823,48,148064,7,70849,29,61153,0,10883,1,564992,615,13429,0
6/25/2019,13:51:42,200929,106,148469,405,71088,240,61366,213,10885,2,566674,1677,13626.47,196.5254
6/25/2019,22:21:42,201001,73,148852,384,71121,33,61400,34,10887,2,568087,1416,13688.77,63.00488
6/26/2019,5:21:40,201049,48,148860,8,71148,26,61400,0,10889,2,568737,650,13688.77,0
6/26/2019,13:51:41,201153,104,149261,399,71342,195,61555,155,10891,2,570465,1722,13866.05,177.2891
6/26/2019,22:21:40,201221,68,149534,275,71348,6,61555,0,10893,2,572125,1664,13866.05,0
6/27/2019,5:21:38,201275,53,149542,8,71375,26,61555,0,10895,2,573081,956,13866.05,0
6/27/2019,13:51:39,201374,100,149938,394,71552,178,61696,141,10897,2,574695,1613,14029.38,163.3252
6/27/2019,22:21:40,201440,66,150183,247,71556,4,61696,0,10899,2,576178,1483,14029.38,0
6/28/2019,5:21:39,201493,53,150190,7,71583,26,61696,0,10901,2,577057,879,14029.38,0
6/28/2019,13:51:39,201600,107,150571,379,71799,216,61827,131,10903,2,578741,1676,14193.13,162.8086
6/28/2019,22:21:38,201681,81,150989,420,71848,50,61863,36,10905,2,580461,1730,14261.54,69.35059
6/29/2019,5:21:38,201733,52,150997,8,71851,3,61863,0,10907,2,581278,813,14261.54,0
6/29/2019,13:51:37,201804,71,151006,9,71855,4,61863,0,10909,2,582619,1335,14261.54,0
6/29/2019,22:21:36,201879,74,151016,10,71860,5,61863,0,10911,2,584195,1576,14261.54,0
6/30/2019,5:21:36,201931,53,151023,7,71863,3,61863,0,10912,1,584956,764,14261.54,0
6/30/2019,13:51:35,201998,66,151032,9,71866,3,61863,0,10914,2,585908,951,14261.54,0
6/30/2019,22:21:35,202058,60,151041,9,71868,2,61863,0,10916,2,587413,1509,14261.54,0
7/1/2019,5:21:34,202107,50,151048,7,71907,38,61863,0,10918,2,588284,863,14261.54,0
7/1/2019,13:51:34,202211,103,151418,368,72143,236,62065,201,10920,2,590256,1970,14445.27,182.792
7/1/2019,22:21:34,202292,82,151818,402,72174,32,62105,41,10922,2,592226,1971,14495.33,50.76172
7/2/2019,5:21:33,202345,52,151826,8,72207,32,62105,0,10924,2,593076,855,14495.33,0
7/2/2019,13:51:33,202454,109,152216,388,72442,235,62320,214,10926,2,595116,2034,14691.88,195.6025
7/2/2019,22:21:31,202530,77,152606,392,72468,27,62340,21,10928,2,596938,1826,14738.7,47.53516
7/3/2019,5:21:31,202582,52,152614,7,72502,33,62340,0,10929,1,597900,962,14738.7,0
7/3/2019,13:51:30,202691,108,153002,387,72741,239,62556,215,10931,2,599916,2009,14931.21,191.7939
7/3/2019,22:21:31,202774,84,153289,289,72774,34,62591,36,10934,3,601746,1835,14990.37,59.87402
7/4/2019,5:21:29,202833,59,153297,8,72807,32,62591,0,10935,1,602675,930,14990.37,0
7/4/2019,13:51:29,202945,111,153684,385,73047,240,62808,217,10937,2,604111,1436,15189.83,198.5186
7/4/2019,22:21:28,203024,80,153951,269,73080,34,62844,36,10939,2,605227,1116,15244.92,56.0332
7/5/2019,5:21:29,203076,52,153959,8,73100,19,62844,0,10941,2,605847,623,15244.92,0
7/5/2019,13:51:27,203187,110,154348,387,73340,240,63059,214,10943,2,607585,1729,15445.2,199.5654
7/5/2019,22:21:27,203266,79,154610,264,73371,32,63097,39,10945,2,609061,1484,15496.8,52.31641
7/6/2019,5:21:27,203318,53,154618,8,73394,22,63097,0,10947,2,609779,714,15496.8,0
7/6/2019,13:51:27,203432,114,155037,417,73636,243,63338,240,10949,2,611668,1883,15715.73,217.9629
7/6/2019,22:21:26,203513,81,155223,188,73659,23,63367,30,10951,2,612897,1238,15764.72,49.95215
7/7/2019,13:50:51,203628,62,155237,6,73665,1,63367,0,10955,2,614586,1011,15764.72,0
7/7/2019,22:20:51,203700,73,155246,9,73668,3,63367,0,10957,2,615829,1243,15764.72,0
7/8/2019,5:20:50,203752,52,155253,7,73696,27,63367,0,10959,2,616627,798,15764.72,0
7/8/2019,13:50:50,203860,108,155644,389,73920,224,63567,199,10961,2,618366,1734,15952.45,186.7822
7/8/2019,22:20:49,203942,81,155995,353,73950,31,63604,38,10963,2,619721,1359,16012.15,60.64648
7/9/2019,5:20:48,203994,53,156003,8,73976,26,63604,0,10964,1,620515,794,16012.15,0
7/9/2019,13:50:48,204104,110,156388,383,74221,244,63800,195,10966,2,621751,1236,65.99475,-15947.09
7/9/2019,22:20:47,204180,76,156711,325,74240,19,63823,24,10968,2,622868,1121,110.218,44.92605
7/10/2019,5:20:47,204234,53,156719,8,74260,20,63823,0,10970,2,623499,627,110.218,0
7/10/2019,13:50:46,204340,105,157101,381,74506,245,64018,194,10972,2,624851,1352,303.8555,192.696
7/10/2019,22:20:45,204417,77,157501,401,74557,52,64060,43,10974,2,626155,1304,380.1383,77.2243
7/11/2019,5:20:45,204470,52,157509,8,74587,29,64060,0,10976,2,626967,812,380.1383,0
7/11/2019,13:50:44,204574,105,157855,344,74831,244,64239,178,10978,2,627966,998,537.626,156.5315
7/11/2019,22:20:44,204658,83,158156,303,74879,48,64294,56,10980,2,628995,1028,603.0783,66.40851
7/12/2019,5:20:43,204711,54,158164,8,74904,26,64294,0,10982,2,629636,641,603.0783,0
7/12/2019,13:50:42,204814,102,158551,385,75150,245,64508,213,10984,2,630573,935,802.7241,198.6939
7/12/2019,22:20:42,204898,85,158926,376,75193,44,64562,54,10986,2,631733,1160,871.8471,69.83575
7/13/2019,5:20:41,204951,53,158934,8,75225,31,64562,0,10988,2,632419,690,871.8471,0
7/13/2019,13:50:41,205059,108,159326,391,75467,242,64778,215,10990,2,633369,946,1070.15,197.3638
7/13/2019,22:20:40,205132,73,159739,413,75491,25,64800,23,10992,2,634390,1021,1145.494,75.37231
7/14/2019,5:20:38,205183,51,159856,118,75497,6,64800,0,10994,2,634995,604,1147.512,2.928467
7/14/2019,13:50:38,205245,62,159881,25,75505,8,64800,0,10996,2,635573,582,1147.512,0
7/14/2019,22:20:36,205316,71,159891,10,75510,5,64800,0,10998,2,636040,467,1147.512,0
7/15/2019,5:20:37,205367,51,159899,8,75545,34,64800,0,11000,2,636451,407,1147.512,0
7/15/2019,13:50:36,205479,112,160313,412,75793,248,65001,200,11002,2,637328,875,1317.298,168.8444
7/15/2019,22:20:35,205559,79,160649,337,75827,35,65041,41,11004,2,638263,935,1376.408,60.05225
7/16/2019,5:20:35,205612,54,160657,8,75855,27,65041,0,11006,2,638783,519,1376.408,0
7/16/2019,13:50:35,205710,97,160994,336,76052,197,65180,138,11008,2,639261,478,1526.96,149.5913
7/16/2019,22:20:34,205792,83,161360,367,76096,45,65238,59,11010,2,640142,885,1595.077,69.0769
7/17/2019,5:20:34,205845,53,161364,4,76121,24,65238,0,11011,1,640672,526,1595.077,0
7/17/2019,13:50:33,205959,114,161760,394,76361,240,65444,204,11013,2,641629,956,1786.948,190.9309
7/17/2019,22:20:32,206041,82,162153,394,76411,50,65505,63,11015,2,642697,1068,1865.9,79.65735
7/18/2019,5:20:32,206094,53,162154,1,76437,25,65505,0,11017,2,643317,619,1865.9,0
7/18/2019,13:50:32,206205,110,162543,387,76676,239,65731,224,11019,2,644325,1008,2065.249,198.3971
7/18/2019,22:20:30,206283,79,162887,346,76698,23,65762,32,11021,2,645487,1162,2116.819,52.52246
7/19/2019,5:20:31,206337,53,162889,2,76725,26,65762,0,11023,2,646174,687,2116.819,0
7/19/2019,13:50:29,206446,110,163278,387,76967,242,65998,234,11025,2,647198,1023,2313.604,196.7847
7/19/2019,22:20:28,206532,86,163481,205,77011,45,66055,58,11027,2,648321,1123,2379.784,66.17969
7/20/2019,5:20:29,206586,54,163482,1,77040,28,66055,0,11029,2,648992,675,2379.784,0
7/20/2019,13:50:28,206697,110,163876,392,77283,242,66314,257,11031,2,650101,1103,2577.768,197.043
7/20/2019,22:20:27,206777,81,164225,351,77320,38,66365,52,11170,139,650245,149,2633.518,56.69165
7/21/2019,5:20:27,206833,56,164227,2,77328,8,66365,0,11229,59,650256,11,2633.518,0
7/21/2019,13:50:26,206902,69,164228,1,77330,2,66365,0,11326,97,650269,13,2633.518,0
7/21/2019,22:20:25,206970,68,164228,0,77333,3,66365,0,11414,88,650283,14,2633.518,0
7/22/2019,5:20:26,207023,53,164228,0,77343,10,66365,0,11489,75,650294,11,2633.518,0
7/22/2019,13:50:24,207136,112,164588,359,77594,250,66621,254,11647,157,650307,12,2811.146,176.6853
7/22/2019,22:20:24,207221,86,164986,399,77639,46,66677,58,11806,160,650320,14,2882.635,72.43164
7/23/2019,5:20:23,207277,56,164989,3,77673,33,66677,0,11888,82,650331,11,2882.635,0
7/23/2019,13:50:23,207387,110,165374,384,77922,249,66954,276,12087,198,650344,13,3079.975,196.3958
7/23/2019,22:20:23,207463,76,165720,347,77940,19,66980,27,12248,162,650357,13,3124.339,45.30811
7/24/2019,5:20:22,207519,55,165728,8,77968,28,66980,0,12336,87,650369,11,3124.339,0
7/24/2019,13:50:22,207629,111,166118,388,78215,246,67272,290,12542,206,650381,13,3317.487,192.2097
7/24/2019,22:20:22,207707,78,166474,358,78250,36,67336,65,12722,180,650394,13,3386.999,70.44995
7/25/2019,5:20:21,207759,52,166482,8,78281,30,67336,0,12790,67,650405,11,3386.999,0
7/25/2019,13:50:21,207878,118,166790,306,78503,222,67553,215,12932,142,650418,13,3511.475,123.5344
7/25/2019,22:20:20,207974,97,167261,472,78594,92,67685,133,13048,117,650432,14,3618.913,108.3799
7/26/2019,5:20:20,208029,55,167268,7,78608,13,67685,0,13110,62,650443,11,3618.913,0
7/26/2019,13:50:19,208144,114,167661,391,78853,245,67959,272,13253,142,650456,13,3818.431,198.5635
7/26/2019,22:20:20,208229,85,168003,344,78892,39,68011,54,13368,116,650469,13,3878.046,60.56909
7/27/2019,5:20:18,208285,55,168004,1,78908,16,68011,0,13428,60,650480,11,3878.046,0
7/27/2019,13:50:18,208396,111,168405,399,79154,245,68271,259,13579,150,650493,13,4078.571,199.5867
7/27/2019,22:20:18,208480,85,168788,384,79198,45,68328,58,13677,98,650506,13,4148.717,71.08447
7/28/2019,5:20:16,208536,56,168793,5,79204,6,68328,0,13740,64,650518,11,4148.717,0
7/28/2019,13:50:16,208611,75,168795,2,79204,0,68328,0,13828,88,650531,14,4148.717,0
7/28/2019,22:20:16,208684,73,168797,2,79204,0,68328,0,13926,97,650544,13,4148.717,0
7/29/2019,5:20:15,208739,54,168798,1,79222,17,68328,0,14001,76,650555,11,4148.717,0
7/29/2019,13:50:14,208857,119,169191,391,79472,250,68561,232,14168,166,650568,13,4348.297,198.6382
7/29/2019,22:20:14,208933,76,169552,363,79503,32,68603,43,14311,144,650581,13,4403.951,56.59619
7/30/2019,5:20:13,208988,55,169560,8,79504,1,68603,0,14392,81,650592,11,4403.951,0
7/30/2019,13:50:13,209097,108,169912,351,79730,226,68790,187,14535,142,650605,13,4579.147,174.2466
7/30/2019,22:20:13,209162,66,170210,299,79734,4,68791,1,14622,88,650619,14,4602.891,24.69336
7/31/2019,5:20:12,209214,52,170218,8,79755,20,68791,0,14686,63,650630,11,4602.891,0
7/31/2019,13:50:12,209325,111,170614,395,80002,246,69016,224,14803,118,650643,13,4794.024,191.1333
7/31/2019,22:20:12,209406,81,170948,335,80027,26,69050,35,14899,95,650657,13,4841.507,47.48242
8/1/2019,5:20:10,209461,54,170956,8,80052,25,69050,0,14960,62,650668,12,4841.507,0
8/1/2019,13:50:10,209574,114,171345,387,80299,246,69260,209,15101,141,650681,13,5028.483,186.9766
8/1/2019,22:20:09,209656,82,171757,414,80361,63,69325,66,15222,121,650694,13,5107.091,78.60742
8/2/2019,5:20:10,209709,53,171765,8,80386,24,69325,0,15289,67,650705,11,5107.091,0
8/2/2019,13:50:08,209824,114,172161,394,80629,243,69565,239,15417,128,650718,13,5301.454,193.4009
8/2/2019,22:20:08,209904,81,172496,335,80661,33,69594,30,15510,93,650732,14,5356.73,55.99707
8/3/2019,5:20:09,209959,55,172503,8,80687,25,69594,0,15568,57,650743,11,5356.73,0
8/3/2019,13:50:08,210069,110,172886,381,80931,244,69850,255,15719,151,650756,13,5549.438,192.7085
8/3/2019,22:20:06,210151,81,173256,372,80981,51,69905,56,15838,120,650769,13,5603.477,54.03809
8/4/2019,5:20:07,210203,53,173264,8,80985,4,69905,0,15906,68,650781,12,5603.477,0
8/4/2019,13:50:06,210269,66,173273,9,80996,11,69905,0,15996,90,650794,13,5603.477,0
8/4/2019,22:20:05,210336,66,173282,9,80999,3,69905,0,16121,125,650807,13,5603.477,0
8/5/2019,5:20:05,210388,52,173290,8,81026,26,69905,0,16193,72,650818,11,5603.477,0
8/5/2019,13:50:05,210503,114,173704,413,81273,247,70166,260,16365,171,650831,13,5813.03,208.6035
8/5/2019,22:20:03,210589,86,174170,467,81339,67,70190,25,16497,133,650844,13,5863.901,51.8208
8/6/2019,5:20:04,210644,55,174178,8,81361,21,70190,0,16581,83,650855,11,5863.901,0
8/6/2019,13:50:02,210738,95,174428,249,81517,156,70346,154,16716,135,650868,13,5982.903,118.043
8/6/2019,22:20:02,210832,94,174909,480,81620,104,70481,137,16867,151,650882,14,6099.873,117.6899
8/7/2019,5:20:02,210887,55,174999,92,81651,30,70481,0,16937,70,650893,11,6099.873,0
8/7/2019,13:50:01,210992,105,175362,361,81882,231,70672,189,17095,157,650906,13,6257.118,156.2896
8/7/2019,22:20:00,211078,85,175857,495,81959,78,70770,100,17252,158,650919,13,6340.149,83.74658
8/8/2019,5:20:00,211133,55,175881,26,81978,19,70770,0,17340,88,650930,11,6340.149,0
8/8/2019,13:49:59,211232,99,176146,264,82136,157,70942,171,17502,161,650943,13,6458.272,117.1694
8/8/2019,22:19:59,211322,90,176625,478,82215,80,71063,122,17679,177,650956,13,6564.067,106.5103
8/9/2019,5:19:58,211377,56,176683,60,82218,3,71063,0,17773,95,650968,12,6564.067,0
8/9/2019,13:49:57,211453,75,176692,9,82246,27,71063,0,17842,68,650981,13,6564.067,0
8/9/2019,22:19:57,211524,72,176701,9,82253,8,71063,0,17935,94,650995,14,6564.067,0
8/10/2019,5:19:57,211577,53,176704,3,82283,29,71063,0,17997,62,651006,11,6564.067,0
8/10/2019,13:49:56,211689,111,177091,385,82521,238,71326,262,18164,167,651019,13,6743.284,178.2563
8/10/2019,22:19:55,211775,86,177545,455,82589,69,71416,91,18312,147,651032,13,6830.351,87.78662
8/11/2019,5:19:55,211830,54,177546,1,82596,7,71416,0,18383,72,651043,11,6830.351,0
8/11/2019,13:49:54,211903,74,177548,2,82600,4,71416,0,18480,97,651056,13,6830.351,0
8/11/2019,22:19:54,211969,66,177550,2,82603,3,71416,0,18597,117,651069,13,6830.351,0
8/12/2019,5:19:54,212024,54,177552,2,82634,31,71416,0,18662,64,651080,11,6830.351,0
8/12/2019,13:49:53,212131,107,177930,376,82870,235,71673,256,18852,189,651093,13,7010.37,179.0728
8/12/2019,22:19:52,212215,85,178423,491,82903,34,71729,57,19003,152,651106,13,7074.755,65.09473
8/13/2019,5:19:53,212270,54,178528,107,82906,3,71729,0,19078,75,651118,11,7074.755,0
8/13/2019,13:49:51,212365,96,178803,274,83074,167,71896,166,19227,148,651131,14,7185.727,110.0293
8/13/2019,22:19:50,212460,95,179281,476,83174,101,72044,149,19400,173,651144,13,7311.322,126.3013
8/14/2019,5:19:50,212515,54,179350,71,83195,21,72044,0,19465,66,651155,11,7311.322,0
8/14/2019,13:49:49,212608,94,179596,244,83366,170,72204,158,19599,133,651168,13,7414.898,102.626
8/14/2019,22:19:49,212691,83,180069,475,83435,70,72309,107,19755,157,651181,13,7504.958,91.01025
8/15/2019,5:19:49,212746,55,180070,1,83438,3,72309,0,19826,70,651192,11,7504.958,0
8/15/2019,13:49:49,212812,66,180071,1,83441,3,72309,0,19862,37,651205,13,7504.958,0
8/15/2019,22:19:48,212878,65,180073,2,83444,3,72309,0,19884,22,651219,14,7504.958,0
8/16/2019,5:19:47,212932,55,180075,2,83477,32,72309,0,19939,54,651230,11,7504.958,0
8/16/2019,13:49:47,213043,110,180443,367,83712,235,72565,255,20139,200,651243,13,7680.423,174.5254
8/16/2019,22:19:47,213131,89,180866,424,83783,71,72626,62,20258,120,651256,13,7774.461,94.74316
8/17/2019,5:19:46,213185,54,180869,3,83803,20,72626,0,20327,68,651268,11,7774.461,0
8/17/2019,13:49:46,213294,108,181244,374,84039,235,72898,271,20460,133,651281,14,7958.944,183.5352
8/17/2019,22:19:45,213371,78,181570,327,84074,36,72939,42,20550,90,651294,13,8008.74,50.50732
8/18/2019,5:19:45,213423,51,181572,2,84080,6,72939,0,20590,40,651305,11,8008.74,0
8/18/2019,13:49:29,213488,66,181586,14,84083,3,72939,0,20639,48,651318,13,8008.74,0
8/18/2019,22:19:27,213554,66,181591,5,84086,3,72939,0,20702,63,651331,13,8008.74,0
8/19/2019,5:19:27,213606,52,181596,5,84088,2,72939,0,20747,45,651342,11,8008.74,0
8/19/2019,13:49:27,213697,91,181788,190,84240,151,73054,113,20817,69,651355,13,8060.371,51.63037
8/19/2019,22:19:26,213798,101,182255,466,84356,117,73217,164,20976,160,651369,14,8130.6,70.22949
8/20/2019,5:19:26,213852,54,182356,102,84359,3,73217,0,21037,61,651380,11,8130.6,0
8/20/2019,13:49:25,213945,92,182599,242,84519,159,73349,131,21155,118,651393,13,8189.699,58.27832
8/20/2019,22:19:25,214041,97,183059,459,84642,124,73528,180,21330,175,651407,13,8268.564,79.48291
8/21/2019,5:19:25,214095,54,183174,116,84644,2,73528,0,21398,67,651418,12,8268.564,0
8/21/2019,13:49:24,214190,95,183445,269,84818,173,73686,157,21541,143,651431,13,8335.087,65.69531
8/21/2019,22:19:23,214286,95,183904,459,84951,134,73854,169,21684,143,651879,443,8478.248,143.7813
8/22/2019,5:19:23,214339,54,184008,106,84954,3,73854,0,21709,26,652268,389,8478.248,0
8/22/2019,13:49:22,214435,95,184281,271,85125,170,74034,178,21775,65,653135,866,8600.624,121.4375
8/22/2019,22:19:22,214529,94,184757,476,85226,101,74177,145,21846,72,654102,967,8723.182,123.4961
8/23/2019,5:19:22,214583,55,184767,12,85229,3,74177,0,21848,2,654843,741,8723.182,0
8/23/2019,13:49:21,214677,94,185040,272,85406,176,74359,181,21917,68,655807,963,8846.058,121.9248
8/23/2019,22:19:21,214772,94,185518,477,85497,92,74489,131,21998,82,656798,991,8962.989,117.8828
8/24/2019,5:19:21,214826,55,185529,13,85503,6,74489,0,22000,2,657531,733,8962.989,0
8/24/2019,13:49:19,214893,66,185535,6,85507,4,74489,0,22002,2,658483,951,8962.989,0
8/24/2019,22:19:19,214959,66,185541,6,85510,3,74489,0,22004,2,659438,955,8962.989,0
8/25/2019,5:19:19,215013,54,185546,5,85512,2,74489,0,22006,2,660037,599,8962.989,0
8/25/2019,13:49:18,215085,72,185580,34,85515,3,74489,0,22008,2,660724,686,8963.375,0.3857422
8/25/2019,22:19:18,215150,66,185586,6,85518,3,74489,0,22010,2,661483,759,8963.375,0
8/26/2019,5:19:17,215204,53,185591,5,85521,3,74489,0,22012,2,662064,581,8963.375,0
8/26/2019,13:49:17,215295,92,185845,252,85683,161,74637,146,22058,45,662904,839,9052.384,88.05469
8/26/2019,22:19:16,215392,97,186312,467,85800,118,74801,165,22155,98,663722,818,9189.166,137.7363
8/27/2019,5:19:16,215446,54,186395,85,85830,30,74801,0,22169,14,664358,640,9189.166,0
8/27/2019,13:49:15,215539,93,186659,262,86026,195,74972,170,22233,63,665324,961,9310.941,120.832
8/27/2019,22:19:16,215638,99,187128,469,86155,130,75123,152,22316,84,666399,1075,9445.055,135.0566
8/28/2019,5:19:14,215692,54,187175,49,86158,3,75123,0,22318,2,667240,841,9445.055,0
8/28/2019,13:49:15,215789,97,187447,271,86335,176,75304,180,22394,75,668274,1032,9569.786,124.0127
8/28/2019,22:19:14,215879,90,187903,457,86422,88,75436,133,22479,86,669283,1009,9680.625,111.5576
8/29/2019,5:19:14,215933,54,187908,5,86425,3,75436,0,22481,2,670056,773,9680.625,0
8/29/2019,13:49:13,216002,69,187914,6,86429,4,75436,0,22494,13,670683,630,9680.625,0
8/29/2019,22:19:13,216068,65,187916,2,86431,2,75436,0,22540,46,671158,475,9680.625,0
8/30/2019,5:19:12,216121,54,187918,2,86433,2,75436,0,22569,29,671538,380,9680.625,0
8/30/2019,13:49:12,216206,84,188131,211,86613,179,75571,134,22638,68,672261,719,9772.929,91.35449
8/30/2019,22:19:11,216301,96,188593,462,86705,93,75713,143,22731,93,673093,831,9917.398,145.4189
8/31/2019,5:19:11,216355,54,188690,99,86711,6,75715,2,22752,22,673638,545,9917.398,0
8/31/2019,13:49:10,216425,70,188696,6,86726,15,75715,0,22779,27,674304,664,9917.398,0
8/31/2019,22:19:10,216494,69,188702,5,86732,6,75715,0,22818,39,675164,864,9917.398,0
9/1/2019,5:19:09,216549,54,188706,5,86746,14,75715,0,22820,2,675901,737,9917.398,0
9/1/2019,13:49:09,216615,67,188713,7,86752,6,75715,0,22832,12,676598,697,9917.398,0
9/1/2019,22:19:08,216682,66,188719,6,86755,3,75715,0,22850,18,677281,679,9917.398,0
9/2/2019,5:19:08,216733,51,188724,5,86794,38,75715,0,22852,2,677886,604,9917.398,0
9/2/2019,13:49:08,216844,111,189115,390,87022,228,75984,268,22941,89,678817,933,10105.27,186.9189
9/2/2019,22:19:08,216923,79,189504,390,87077,56,76049,66,23010,69,679553,733,10171.8,67.24121
9/3/2019,5:19:07,216976,53,189509,5,87079,2,76049,0,23012,2,680324,771,10171.8,0
9/3/2019,13:49:07,217072,95,189786,275,87252,172,76232,182,23085,72,681260,936,10299.06,126.5498
9/3/2019,22:19:07,217162,91,190237,453,87351,100,76379,148,23180,96,682118,861,10424.34,125.9893
9/4/2019,5:19:06,217215,53,190242,5,87354,3,76379,0,23182,2,682857,736,10424.34,0
9/4/2019,13:49:06,217307,91,190502,258,87527,172,76556,176,23241,58,683803,946,10542.85,117.5586
9/4/2019,22:19:05,217398,92,190947,447,87637,111,76707,152,23306,66,684487,683,10675.74,133.6084
9/5/2019,5:19:05,217451,52,190951,4,87640,3,76707,0,23308,2,684705,218,10675.74,0
9/5/2019,13:49:04,217512,62,190957,6,87643,3,76707,0,23337,29,685170,467,10675.74,0
9/5/2019,22:19:04,217573,61,190962,5,87646,3,76707,0,23416,79,685184,14,10675.74,0
9/6/2019,5:19:03,217623,50,190967,5,87648,2,76707,0,23488,72,685195,11,10675.74,0
9/6/2019,13:49:03,217713,90,191237,268,87833,184,76869,160,23609,121,685208,13,10798.12,121.4375
9/6/2019,22:19:02,217807,94,191709,471,87927,95,77010,143,23733,124,685794,582,10922.39,125.2109
9/7/2019,5:19:02,217860,53,191719,12,87931,4,77010,0,23752,19,686327,533,10922.39,0
9/7/2019,13:49:01,217925,65,191725,6,87937,6,77010,0,23763,11,687105,781,10922.39,0
9/7/2019,22:19:01,217997,71,191731,6,87941,4,77010,0,23765,2,688214,1105,10922.39,0
9/8/2019,5:18:59,218049,53,191736,4,87944,3,77010,0,23767,2,688882,668,10922.39,0
9/8/2019,13:48:59,218116,67,191741,6,87947,3,77010,0,23769,2,689762,880,10922.39,0
9/8/2019,22:18:59,218180,64,191747,6,87950,3,77010,0,23771,2,690856,1094,10922.39,0
9/9/2019,5:18:58,218232,52,191752,5,87952,2,77010,0,23773,2,691536,680,10922.39,0
9/9/2019,13:48:57,218323,91,191991,237,88132,179,77171,159,23824,50,692670,1128,11027.35,104.0195
9/9/2019,22:18:56,218413,90,192458,466,88235,104,77333,164,23916,93,693726,1064,11156.72,130.0723
9/10/2019,5:18:56,218466,52,192526,70,88238,3,77333,0,23938,22,694256,530,11156.72,0
9/10/2019,13:48:55,218555,90,192779,251,88410,171,77503,168,24010,72,695244,984,11272.31,114.6523
9/10/2019,22:18:56,218645,90,193253,474,88503,94,77650,149,24097,87,696245,1005,11390.64,119.0352
9/11/2019,5:18:54,218698,52,193260,9,88506,3,77650,0,24121,24,696789,544,11390.64,0
9/11/2019,13:48:55,218789,92,193502,241,88678,172,77823,171,24179,58,697813,1015,11499.92,108.3438
9/11/2019,22:18:54,218880,91,193906,405,88761,83,77943,122,24274,95,699077,1273,22.46177,-11476.75
9/12/2019,5:18:53,218937,57,193911,5,88764,3,77943,0,24286,12,699779,701,22.46177,0
9/12/2019,13:48:53,219033,96,194155,242,88939,174,78115,171,24330,44,701026,1244,129.9608,106.785
9/12/2019,22:18:53,219130,96,194605,452,89027,89,78265,151,24400,70,702173,1143,241.6202,112.3734
9/13/2019,5:18:51,219186,57,194610,4,89030,3,78265,0,24404,4,702866,700,241.6202,0
9/13/2019,13:48:52,219284,98,194878,267,89203,172,78438,172,24447,43,704090,1224,364.3849,121.8127
9/13/2019,22:18:51,219382,97,195343,466,89299,97,78586,149,24498,51,705433,1335,485.1812,121.7483
9/14/2019,5:18:49,219439,57,195348,5,89302,3,78586,0,24500,2,706181,756,485.1812,0
9/14/2019,13:48:50,219536,98,195607,257,89474,171,78759,171,24534,33,707406,1220,602.1235,115.987
9/14/2019,22:18:49,219632,95,196068,463,89566,93,78906,148,24589,56,708708,1298,719.6891,118.5209
9/15/2019,5:18:49,219689,58,196075,7,89572,6,78906,0,24590,1,709398,693,719.6891,0
9/15/2019,13:48:48,219769,79,196084,9,89575,3,78906,0,24593,3,710319,925,719.6891,0
9/15/2019,22:18:48,219846,77,196093,9,89578,3,78906,0,24595,2,711444,1121,719.6891,0
9/16/2019,5:18:47,219903,57,196100,7,89601,22,78906,0,24596,1,712159,719,719.6891,0
9/16/2019,13:48:47,220000,97,196347,245,89795,194,79073,166,24630,33,713355,1191,825.8394,105.2207
9/16/2019,22:18:45,220094,94,196803,457,89885,91,79213,141,24695,66,714354,1000,940.8243,115.9144
9/17/2019,5:18:46,220150,57,196810,7,89888,3,79213,0,24702,7,715026,671,940.8243,0
9/17/2019,13:48:44,220246,96,197083,271,90062,173,79391,177,24737,34,716306,1275,1063.836,122.0701
9/17/2019,22:18:44,220343,97,197557,474,90163,101,79552,162,24809,71,717504,1198,1189.524,126.6292
9/18/2019,5:18:44,220400,56,197607,52,90166,3,79552,0,24813,5,718112,616,1189.524,0
9/18/2019,13:48:43,220471,72,197616,9,90169,3,79552,0,24815,2,718975,858,1189.524,0
9/18/2019,22:18:42,220540,69,197625,9,90171,2,79552,0,24817,2,720041,1066,1189.524,0
9/19/2019,5:18:42,220596,56,197633,8,90174,3,79552,0,24818,1,720678,637,1189.524,0
9/19/2019,13:48:41,220686,90,197874,239,90320,145,79714,161,24854,36,721553,879,1291.255,100.7891
9/19/2019,22:18:42,220782,96,198353,478,90429,110,79868,155,24894,40,722655,1098,1414.148,123.8352
9/20/2019,5:18:40,220837,55,198386,35,90432,3,79868,0,24895,1,723236,581,1414.148,0
9/20/2019,13:48:40,220931,94,198657,269,90593,160,80052,182,24934,39,724274,1042,1535.253,120.1661
9/20/2019,22:18:40,221024,93,199102,447,90685,92,80185,135,24984,50,725434,1153,1648.884,114.3342
9/21/2019,5:18:39,221078,54,199109,7,90688,3,80185,0,24985,1,726047,620,1648.884,0
9/21/2019,13:48:38,221175,96,199383,273,90882,194,80369,182,25026,41,727130,1083,1771.852,122.017
9/21/2019,22:18:38,221267,92,199843,461,90972,90,80508,140,25085,59,728304,1170,1887.277,116.1382
9/22/2019,5:18:38,221322,55,199851,8,90979,7,80508,0,25087,2,728985,680,1887.277,0
9/22/2019,13:48:37,221394,71,199860,9,90983,4,80508,0,25092,5,729403,422,1887.277,0
9/22/2019,22:18:38,221454,61,199869,9,90988,5,80508,0,25094,2,729417,14,1887.277,0
9/23/2019,5:18:36,221501,47,199876,7,90991,3,80508,0,25096,2,729428,11,1887.277,0
9/23/2019,13:48:08,221568,67,199885,9,90995,4,80508,0,25187,91,730139,707,1887.277,0
9/23/2019,22:18:07,221637,69,199894,9,91001,6,80508,0,25228,41,730761,626,1887.277,0
9/24/2019,5:18:07,221691,54,199901,7,91004,3,80508,0,25247,19,731256,495,1887.277,0
9/24/2019,13:48:06,221780,89,200136,233,91200,196,80673,163,25305,57,732144,880,1985.696,97.46631
9/24/2019,22:18:06,221877,96,200619,482,91290,90,80833,162,25375,71,733030,892,2104.213,119.4698
9/25/2019,5:18:05,221933,56,200627,10,91292,2,80833,0,25382,7,733598,565,2104.213,0
9/25/2019,13:48:06,222000,68,200636,9,91296,4,80833,0,25384,2,734417,822,2104.213,0
9/25/2019,22:18:05,222068,68,200645,9,91299,3,80833,0,25386,2,735406,985,2104.213,0
9/26/2019,5:18:04,222124,56,200653,8,91330,30,80833,0,25388,2,736066,660,2104.213,0
9/26/2019,13:48:03,222235,111,201062,407,91561,231,81139,305,25431,43,737448,1382,2296.304,191.3853
9/26/2019,22:18:03,222319,84,201424,362,91607,47,81216,78,25459,28,738430,978,2367.18,71.58203
9/27/2019,5:18:02,222375,56,201431,8,91609,2,81216,0,25461,2,739076,653,2367.18,0
9/27/2019,13:48:02,222468,92,201706,274,91783,173,81404,186,25478,17,739975,894,2486.926,118.8066
9/27/2019,22:18:01,222568,101,202183,476,91906,124,81601,198,25523,45,741073,1102,2630.479,144.4922
9/28/2019,5:18:01,222624,56,202191,10,91924,17,81601,0,25525,2,741671,598,2630.479,0
9/28/2019,13:48:00,222729,104,202603,410,92115,192,81763,162,25527,2,742927,1255,2828.125,196.697
9/28/2019,22:18:00,222798,70,202837,236,92118,3,81763,0,25529,2,743768,838,2829.545,2.132813
9/29/2019,5:17:59,222852,54,202844,7,92126,8,81763,0,25530,1,744232,468,2829.545,0
9/29/2019,13:47:59,222930,78,202853,9,92130,4,81763,0,25533,3,744658,423,2829.545,0
9/29/2019,22:17:58,222996,66,202862,9,92134,4,81763,0,25535,2,745097,438,2829.545,0
9/30/2019,5:17:58,223050,54,202870,8,92137,3,81763,0,25537,2,745266,171,2829.545,0
9/30/2019,13:47:57,223126,75,202879,8,92140,3,81763,0,25562,25,745737,472,2829.545,0
9/30/2019,22:17:57,223194,69,202887,9,92150,10,81763,0,25579,17,746263,526,2829.545,0
10/1/2019,5:17:56,223248,54,202895,8,92153,3,81763,0,25581,2,746686,423,2829.545,0
10/1/2019,13:47:57,223340,92,203182,286,92333,179,81967,203,25609,28,747429,737,2956.083,125.5942
10/1/2019,22:17:56,223440,99,203652,469,92456,124,82182,216,25661,52,748482,1058,3107.647,152.2715
10/2/2019,5:17:55,223494,54,203694,44,92458,2,82182,0,25663,2,748891,406,3107.647,0
10/2/2019,13:47:54,223559,65,203703,9,92461,3,82182,0,25665,2,749575,683,3107.647,0
10/2/2019,22:17:54,223625,66,203712,9,92464,3,82182,0,25667,2,749893,322,3107.647,0
10/3/2019,5:17:53,223679,54,203719,7,92473,9,82182,0,25700,33,750376,483,3107.647,0
10/3/2019,13:47:53,223776,97,203988,267,92651,177,82347,164,25737,37,751054,669,3224.887,116.2961
10/3/2019,22:17:52,223877,100,204459,470,92767,117,82541,195,25811,74,751996,942,3370.367,146.4238
10/4/2019,5:17:52,223933,57,204525,66,92786,19,82541,0,25819,8,752347,358,3370.367,0
10/4/2019,13:47:51,224027,93,204798,273,92966,179,82746,204,25822,3,753373,1018,3490.954,119.6404
10/4/2019,22:17:51,224122,96,205089,292,93082,117,82933,188,25851,29,754422,1052,3632.546,142.3008
10/5/2019,5:17:50,224179,57,205097,8,93085,3,82933,0,25853,2,754793,373,3632.546,0
10/5/2019,13:47:50,224273,93,205370,271,93263,177,83130,195,25880,27,755750,959,3753.007,119.5122
10/5/2019,22:17:49,224369,96,205646,278,93370,108,83318,190,25939,59,756577,827,3888.461,136.1665
10/6/2019,5:17:49,224423,55,205654,8,93376,6,83318,0,25941,2,756730,153,3888.461,0
10/6/2019,13:47:49,224492,69,205662,8,93379,3,83318,0,25975,34,757184,454,3888.461,0
10/6/2019,22:17:48,224557,65,205671,9,93382,3,83318,0,25990,15,757586,402,3888.461,0
10/7/2019,5:17:47,224612,54,205679,8,93395,13,83318,0,26016,26,757949,363,3888.461,0
10/7/2019,13:47:48,224712,101,205960,279,93579,183,83512,192,26043,27,758496,543,4010.852,121.439
10/7/2019,22:17:46,224809,97,206231,273,93699,121,83731,221,26107,64,759417,918,4146.976,136.8379
10/8/2019,5:17:46,224865,56,206239,8,93703,4,83731,0,26109,2,759688,278,4146.976,0
10/8/2019,13:47:45,224932,66,206248,8,93705,2,83731,0,26127,18,760043,346,4146.976,0
10/8/2019,22:17:45,224986,55,206256,9,93708,3,83731,0,26150,23,760561,526,4146.976,0
10/9/2019,5:17:44,225030,44,206264,8,93710,2,83731,0,26151,1,760841,276,4146.976,0
10/9/2019,13:47:43,225107,77,206438,172,93896,185,83831,98,26169,18,761441,604,4211.109,63.19678
10/9/2019,22:17:43,225209,102,206728,292,94021,126,84069,240,26216,47,762480,1036,4356.75,146.5767
10/10/2019,5:17:42,225264,55,206734,6,94023,2,84069,0,26218,2,762781,301,4356.75,0
10/10/2019,13:47:42,225353,89,207000,265,94231,207,84264,193,26262,43,763571,788,4467.154,109.4697
10/10/2019,22:17:41,225453,100,207282,283,94349,119,84491,228,26313,52,764513,938,4606.675,140.2212
10/11/2019,5:17:41,225509,56,207289,7,94363,14,84491,0,26315,2,764872,366,4606.675,0
10/11/2019,13:47:40,225603,93,207575,284,94552,188,84699,206,26334,19,765833,953,4734.257,126.646
10/11/2019,22:17:40,225700,98,207841,267,94654,103,84888,191,26392,58,766743,914,4863.827,130.5059
10/12/2019,5:17:39,225753,53,207848,7,94657,3,84888,0,26394,2,767163,421,4863.827,0
10/12/2019,13:47:39,225848,95,208118,268,94824,166,85113,223,26430,36,767976,812,4980.945,116.1646
10/12/2019,22:17:39,225943,95,208380,264,94914,91,85288,177,26469,39,769114,1138,5110.373,130.1426
10/13/2019,5:17:38,226004,61,208387,7,94925,11,85288,0,26470,1,769514,399,5110.373,0
10/13/2019,13:47:37,226077,72,208396,9,94927,2,85288,0,26472,2,770071,556,5110.373,0
10/13/2019,22:17:36,226144,68,208405,9,94930,3,85288,0,26474,2,770706,635,5110.373,0
10/14/2019,5:17:36,226200,56,208412,7,94932,2,85288,0,26496,22,771049,344,5110.373,0
10/14/2019,13:47:35,226291,91,208664,250,95116,183,85485,196,26532,36,771691,636,5216.078,104.7539
10/14/2019,22:17:35,226395,104,208952,290,95232,117,85690,206,26603,71,772725,1042,5358.154,143.0273
10/15/2019,5:17:34,226451,55,208959,7,95234,2,85690,0,26604,1,773173,445,5358.154,0
10/15/2019,13:47:34,226543,92,209230,269,95424,189,85908,217,26632,28,774151,977,5477.318,118.2192
10/15/2019,22:17:33,226638,96,209494,266,95521,98,86090,183,26688,56,775143,996,5605.721,129.1128
10/16/2019,5:17:33,226693,55,209501,7,95524,3,86090,0,26689,1,775331,188,5605.721,0
10/16/2019,13:47:32,226770,77,209510,9,95525,1,86090,0,26715,26,775793,453,5605.721,0
10/16/2019,22:17:32,226838,67,209519,9,95529,4,86090,0,26741,26,776415,630,5605.721,0
10/17/2019,5:17:31,226893,56,209527,8,95531,2,86090,0,26759,17,776774,356,5605.721,0
10/17/2019,13:47:31,226985,92,209813,284,95728,196,86299,207,26792,33,777361,580,5731.148,124.4858
10/17/2019,22:17:30,227081,96,210022,210,95805,78,86420,123,26830,39,778264,911,5829.738,99.53174
10/18/2019,5:17:30,227137,56,210029,7,95808,3,86420,0,26832,2,778679,415,5829.738,0
10/18/2019,13:47:29,227229,92,210322,291,95985,177,86612,191,26851,19,779567,884,5929.231,98.54492
10/18/2019,22:17:28,227317,88,210481,160,96043,58,86704,93,26865,14,780564,996,6000.953,72.66943
10/19/2019,5:17:28,227371,54,210489,8,96046,3,86704,0,26867,2,780878,317,6000.953,0
10/19/2019,13:47:27,227466,94,210768,278,96218,171,86880,174,26869,2,781826,943,6122.876,120.9731
10/19/2019,22:17:27,227548,83,210887,120,96251,34,86926,47,26878,9,782736,911,6172.1,50.17383
10/20/2019,5:17:26,227603,54,210895,8,96259,8,86926,0,26880,2,783030,297,6172.1,0
10/20/2019,13:47:26,227677,75,210904,9,96263,4,86926,0,26882,2,783507,475,6172.1,0
10/20/2019,22:17:25,227744,67,210913,9,96266,3,86926,0,26884,2,783793,284,6172.1,0
10/21/2019,5:17:25,227799,55,210920,7,96269,3,86926,0,26886,2,783946,156,6172.1,0
10/21/2019,13:47:24,227870,70,210929,9,96271,2,86926,0,26900,14,784406,460,6172.1,0
10/21/2019,22:17:24,227936,67,210938,9,96274,3,86926,0,26910,10,784920,513,6172.1,0
10/22/2019,5:17:23,227991,54,210945,7,96326,51,86926,0,26911,1,785194,275,6172.1,0
10/22/2019,13:47:22,228105,114,211391,445,96553,226,87274,346,26936,25,786173,971,6382.516,209.4624
11/28/2019,13:46:42,236039,105,229558,425,103943,226,95418,348,27838,2,824198,482,12060.11,199.1494
11/28/2019,22:16:40,236119,81,229824,268,104000,58,95527,110,27840,2,824549,358,12137.9,78.73438
11/29/2019,5:16:39,236167,48,229831,7,104002,2,95527,0,27842,2,824561,12,12137.9,0
11/29/2019,13:46:38,236226,58,229840,9,104006,4,95527,0,27844,2,824574,13,12137.9,0
11/29/2019,22:16:37,236287,61,229849,9,104008,2,95527,0,27846,2,824588,14,12137.9,0
11/30/2019,5:16:37,236334,48,229856,7,104022,14,95527,0,27848,2,824600,12,12137.9,0
11/30/2019,13:46:36,236401,67,229865,9,104027,5,95527,0,27850,2,824613,13,12137.9,0
11/30/2019,22:16:35,236464,63,229874,9,104030,3,95527,0,27852,2,824627,14,12137.9,0
12/1/2019,5:16:35,236512,47,229881,7,104033,3,95527,0,27854,2,824638,11,12137.9,0
12/1/2019,13:46:35,236570,59,229890,9,104036,3,95527,0,27856,2,824652,14,12137.9,0
12/1/2019,22:16:33,236628,58,229898,8,104040,4,95527,0,27858,2,824665,13,12137.9,0
12/2/2019,5:16:32,236676,48,229906,8,104043,3,95527,0,27860,2,824677,12,12137.9,0
12/2/2019,13:46:31,236766,90,230195,288,104244,200,95621,93,27862,2,824690,13,12260.65,121.8047
12/2/2019,22:16:31,236854,88,230517,323,104335,91,95812,192,27864,2,824704,14,12380.18,120.4756
12/3/2019,5:16:30,236902,48,230524,7,104340,4,95812,0,27866,2,824715,11,12380.18,0
12/3/2019,13:46:29,236992,89,230788,263,104570,230,95992,179,27868,2,824729,14,12477.58,96.4375
12/3/2019,22:16:28,237084,93,231181,394,104694,125,96227,236,27870,2,824742,13,12627.59,150.9727
12/4/2019,5:16:28,237132,48,231188,7,104697,3,96227,0,27872,2,824753,11,12627.59,0
12/4/2019,13:46:28,237219,86,231467,277,104901,203,96442,213,27873,1,824765,12,12748.98,120.4209
12/4/2019,22:16:27,237305,87,231741,276,104969,69,96588,148,27873,0,824765,0,12841.33,93.31738
12/5/2019,5:16:25,237353,48,231749,8,104971,2,96588,0,27873,0,824765,0,12841.33,0
12/5/2019,13:46:24,237439,85,232012,261,105167,195,96809,218,27873,0,824765,0,12953.21,110.9102
12/5/2019,22:16:23,237528,90,232346,336,105259,93,97040,234,27959,86,824765,0,13081.35,129.1104
12/6/2019,5:16:24,237576,48,232353,7,105262,3,97040,0,27961,2,824765,0,13081.35,0
12/6/2019,13:46:22,237663,87,232630,275,105454,191,97241,200,27963,2,824765,0,13202.27,119.9404
12/6/2019,22:16:21,237756,93,232974,346,105562,109,97451,211,27965,2,825528,763,13334.63,133.0967
12/7/2019,5:16:22,237804,48,232982,8,105564,2,97451,0,27967,2,825528,0,13334.63,0
12/7/2019,13:46:21,237888,84,233271,287,105755,190,97663,210,27969,2,825528,0,13459.41,123.7939
12/7/2019,22:16:20,237984,96,233634,365,105872,118,97927,266,27971,2,826380,852,13606.78,148.1074
12/8/2019,5:16:19,238032,48,233641,7,105877,5,97927,0,27973,2,826380,0,13606.78,0
12/8/2019,13:46:18,238096,64,233648,7,105881,4,97927,0,27975,2,826380,0,13606.78,0
12/8/2019,22:16:18,238158,61,233657,9,105885,4,97927,0,27977,2,826380,0,13606.78,0
12/9/2019,5:16:16,238206,48,233664,7,105888,3,97927,0,27979,2,826380,0,13606.78,0
12/9/2019,13:46:15,238269,64,233793,127,106084,196,97927,0,27981,2,826380,0,13645.37,37.61133
12/9/2019,22:16:14,238362,93,234247,454,106265,181,98214,287,27983,2,826380,0,13859.09,214.6992
12/10/2019,5:16:14,238410,48,234298,53,106315,50,98214,0,27985,2,826380,0,13859.09,0
12/10/2019,13:46:13,238481,71,234522,223,106528,212,98217,3,27987,2,826380,0,13937.56,77.49512
12/10/2019,22:16:12,238589,108,234973,450,106709,182,98612,395,28026,39,826380,0,14160.08,223.25
12/11/2019,5:16:12,238644,55,235041,70,106712,3,98612,0,28033,7,826380,0,14160.08,0
12/11/2019,13:46:11,238740,96,235348,306,106929,216,98863,249,28040,7,826380,0,14298.65,137.6104
12/11/2019,22:16:11,238811,71,235549,202,106962,34,98929,68,28042,2,826380,0,14353.07,55.1377
12/12/2019,5:16:10,238858,47,235556,7,106964,2,98929,0,28044,2,826380,0,14353.07,0
12/12/2019,13:46:09,238916,57,235565,9,106968,4,98929,0,28046,2,826380,0,14353.07,0
12/12/2019,22:16:07,238974,58,235574,9,106971,3,98929,0,28048,2,826380,0,14353.07,0
12/13/2019,5:16:06,239021,48,235581,7,106982,11,98929,0,28050,2,826380,0,14353.07,0
12/13/2019,13:46:13,239103,82,235870,287,107195,213,99158,227,28052,2,826640,260,14478.06,124.0234
12/13/2019,22:16:12,239186,83,236200,332,107282,87,99340,184,28054,2,826640,0,14586.16,108.8242
12/14/2019,5:16:13,239233,47,236207,7,107284,2,99340,0,28056,2,826640,0,14586.16,0
12/14/2019,13:46:12,239315,81,236496,287,107479,194,99554,212,28058,2,826640,0,14705.39,118.2998
12/14/2019,22:16:11,239396,82,236809,315,107561,83,99736,184,28060,2,826640,0,14818.16,113.7041
12/15/2019,5:16:10,239444,48,236816,7,107566,5,99736,0,28062,2,826640,0,14818.16,0
12/15/2019,13:46:09,239506,62,236825,9,107571,5,99736,0,28064,2,0,4294140656,14818.16,0
12/15/2019,22:16:09,239561,55,236834,9,107575,4,99736,0,28066,2,0,0,14818.16,0
12/16/2019,5:16:08,239606,45,236841,7,107583,8,99736,0,28068,2,0,0,14818.16,0
12/16/2019,13:46:07,239691,84,237141,298,107794,210,99958,221,28070,2,0,0,14941.89,122.8066
12/16/2019,22:16:06,239782,92,237477,338,107896,103,100165,208,28072,2,0,0,15068.68,127.707
12/17/2019,5:16:05,239830,48,237484,7,107901,4,100165,0,28074,2,0,0,15068.68,0
12/17/2019,13:46:04,239911,80,237781,295,108102,201,100390,223,28076,2,0,0,15191.58,121.9766
12/17/2019,22:16:04,240003,93,238130,351,108202,101,100594,206,28078,2,826653,826653,15322.1,131.4463
12/18/2019,5:16:03,240051,48,238138,8,108210,7,100594,0,28079,1,826653,0,15322.1,0
12/18/2019,13:46:02,240133,81,238441,302,108431,221,100762,167,28082,3,826653,0,15449.22,126.2041
12/18/2019,22:16:01,240218,86,238800,360,108527,97,100938,177,28084,2,826653,0,15580.28,131.9814
12/19/2019,5:15:59,240266,48,238807,7,108530,3,100938,0,28085,1,826653,0,15580.28,0
12/19/2019,13:45:59,240324,57,238816,9,108534,4,100938,0,28087,2,826653,0,15580.28,0
12/19/2019,22:15:57,240381,58,238825,9,108538,3,100938,0,28090,3,826653,0,15580.28,0
12/20/2019,5:15:58,240428,47,238832,7,108547,9,100938,0,28091,1,826653,0,15580.28,0
12/20/2019,13:45:56,240498,70,239131,297,108757,211,101050,112,28093,2,826653,0,15705.04,123.8408
12/20/2019,22:15:56,240575,77,239483,354,108843,86,101085,35,28095,2,826653,0,15796.54,92.18457
12/21/2019,5:15:54,240623,47,239491,8,108847,4,101085,0,28097,2,826653,0,15796.54,0
12/21/2019,13:45:54,240680,58,239499,8,108859,12,101085,0,28099,2,826653,0,15796.54,0
12/21/2019,22:15:53,240738,58,239508,9,108865,6,101085,0,28101,2,826653,0,15796.54,0
12/22/2019,5:15:53,240785,47,239515,7,108869,4,101085,0,28103,2,826653,0,15796.54,0
12/22/2019,13:45:52,240829,44,239677,162,108874,5,101085,0,28105,2,826653,0,15796.54,0
12/22/2019,22:15:51,240857,28,239677,0,108879,5,101085,0,28107,2,826653,0,15796.54,0
12/23/2019,5:15:50,240902,45,239677,0,108882,3,101085,0,28109,2,826653,0,15796.54,0
12/23/2019,13:45:49,240958,55,239677,0,108887,5,101085,0,28111,2,826653,0,15796.54,0
12/23/2019,22:15:48,241013,56,239677,0,108920,33,101085,0,28113,2,826653,0,15796.54,0
12/24/2019,5:15:47,241059,46,239677,0,108962,41,101085,0,28115,2,826653,0,15796.54,0
12/24/2019,13:45:46,241117,57,239677,0,109014,53,101085,0,28117,2,826653,0,15796.54,0
12/24/2019,22:15:45,241177,61,239677,0,109066,52,101085,0,28119,2,826653,0,15796.54,0
12/25/2019,5:15:45,241227,50,239677,0,109112,45,101085,0,28121,2,826653,0,15796.54,0
12/25/2019,13:45:44,241287,60,239677,0,109167,56,101085,0,28123,2,826653,0,15796.54,0
12/25/2019,22:15:43,241348,61,239677,0,109223,56,101085,0,28125,2,826653,0,15796.54,0
12/26/2019,5:15:42,241398,50,239677,0,109268,45,101085,0,28127,2,826653,0,15796.54,0
12/26/2019,13:45:41,241459,60,239677,0,109322,54,101085,0,28129,2,826653,0,15796.54,0
12/26/2019,22:15:40,241519,61,239677,0,109378,56,101085,0,28131,2,826653,0,15796.54,0
12/27/2019,5:15:39,241569,50,239677,0,109425,47,101085,0,28133,2,826653,0,15796.54,0
12/27/2019,13:45:38,241631,62,239677,0,109443,18,101085,0,28135,2,826653,0,15796.54,0
12/27/2019,22:15:37,241692,61,239776,99,109447,4,101085,0,28137,2,826653,0,15796.54,0
12/28/2019,5:15:35,241744,52,239776,0,109450,3,101085,0,28139,2,826653,0,15796.54,0
12/28/2019,13:45:35,241807,63,239784,8,109455,5,101085,0,28141,2,826653,0,15796.54,0
12/28/2019,22:15:45,241870,63,239787,3,109460,5,101085,0,28143,2,826660,6,15796.54,0
12/29/2019,5:15:45,241920,50,239795,8,109464,4,101085,0,28145,1,826671,11,15796.54,0
12/29/2019,13:45:43,241979,59,239802,7,109469,5,101085,0,28147,3,826684,13,15796.54,0
12/29/2019,22:15:42,242040,60,239811,9,109475,6,101085,0,28149,2,826698,14,15796.54,0
12/30/2019,5:15:41,242089,50,239818,7,109479,4,101085,0,28150,1,826710,12,15796.54,0
12/30/2019,13:45:40,242150,60,239827,9,109484,5,101085,0,28153,3,826723,13,15796.54,0
12/30/2019,22:15:39,242210,60,239836,9,109489,5,101085,0,28155,2,826737,14,15796.54,0
12/31/2019,5:15:38,242260,50,239843,7,109493,4,101085,0,28156,1,826748,11,15796.54,0
12/31/2019,13:45:37,242323,63,239852,9,109499,6,101085,0,28158,2,826762,14,15796.54,0
12/31/2019,22:15:36,242387,64,239861,9,109504,5,101085,0,28160,2,826775,13,15796.54,0
1/1/2020,5:15:37,242438,50,239868,7,109508,4,101085,0,28162,2,826787,12,15796.54,0
1/1/2020,13:45:35,242508,71,239877,9,109587,78,101085,0,28164,2,826801,14,15796.54,0
1/1/2020,22:15:34,242594,86,240304,427,109749,163,101258,173,28166,2,826814,13,15957.7,161.1563
1/2/2020,5:15:33,242631,37,240334,30,109758,9,101258,0,28168,2,826827,12,15963.23,5.533203
3/13/2020,22:13:35,256912,72,279060,419,126344,47,118891,81,28706,2,841808,188,695.6318,79.77448
3/14/2020,5:13:33,256956,45,279068,8,126347,3,118891,0,28708,2,841820,12,695.6318,0
3/14/2020,13:43:32,257047,90,279435,365,126554,206,119137,245,28710,2,841884,64,857.3892,160.8731
3/14/2020,22:13:33,257159,113,279875,440,126758,205,119419,283,28712,2,842255,371,1107.411,249.9225
3/15/2020,5:13:31,257210,51,280137,263,126764,6,119419,0,28713,1,842318,63,1109.848,3.420288
3/15/2020,13:43:30,257277,67,280176,39,126769,5,119419,0,28716,2,842446,128,1113.229,3.381592
3/15/2020,22:13:29,257343,66,280184,8,126773,4,119419,0,28718,3,842555,109,1113.229,0
3/16/2020,5:13:29,257393,49,280192,8,126826,52,119419,0,28719,1,842646,91,1113.229,0
3/16/2020,13:43:28,257493,100,280579,385,127040,214,119690,270,28721,2,842746,100,1282.799,168.6144
3/16/2020,22:13:27,257569,77,281018,440,127086,46,119772,83,28723,2,843175,429,1359.084,77.24011
3/17/2020,5:13:27,257614,44,281025,7,127121,34,119772,0,28725,2,843186,11,1359.084,0
3/17/2020,13:43:26,257669,56,281319,292,127266,145,119772,0,28727,2,843199,13,1425.713,66.62866
3/17/2020,22:13:25,257769,100,281784,465,127436,171,120007,235,28729,2,843765,566,1598.986,173.2734
3/18/2020,5:13:26,257815,46,281963,181,127479,43,120007,0,28731,2,843806,41,1598.986,0
3/18/2020,13:43:25,257913,97,282362,398,127701,221,120305,296,28733,2,844322,507,1778.938,179.0491
3/18/2020,22:13:24,257997,85,282834,471,127782,82,120444,141,28735,2,845079,765,1891.87,113.8346
3/19/2020,5:13:23,258044,46,282879,46,127821,38,120444,0,28737,2,845121,42,1891.87,0
3/19/2020,13:43:22,258136,93,283239,359,128027,206,120709,264,28739,2,845704,574,2043.597,150.8391
3/19/2020,22:13:22,258219,83,283693,453,128103,77,120833,125,28741,2,846446,746,2144.842,102.1331
3/20/2020,5:13:21,258269,49,283737,46,128142,38,120833,0,28743,2,846593,151,2144.842,0
3/20/2020,13:43:23,258367,98,284145,406,128363,220,121121,286,28745,2,847334,732,2344.548,198.7102
3/20/2020,22:13:22,258463,97,284610,464,128465,103,121291,172,28747,2,848126,800,2480.066,136.5144
3/21/2020,5:13:22,258513,50,284692,84,128504,38,121291,0,28749,2,848228,102,2480.066,0
3/21/2020,13:43:20,258610,97,285093,399,128725,221,121559,267,28751,2,848866,629,2686.385,205.3328
3/21/2020,22:13:21,258687,77,285543,451,128775,51,121658,100,28753,2,849438,580,2770.079,84.67969
3/22/2020,5:13:20,258747,60,285550,7,128780,5,121662,4,28755,1,849534,96,2770.079,0
3/22/2020,13:43:19,258807,60,285559,9,128784,4,121662,0,28757,2,849678,140,2770.079,0
3/22/2020,22:13:19,258864,56,285568,9,128788,4,121662,0,28759,2,849839,165,2770.079,0
3/23/2020,5:13:18,258910,47,285575,7,128791,3,121662,0,28760,1,849935,93,2770.079,0
3/23/2020,13:43:17,258967,57,285584,9,128795,4,121662,0,28762,2,850052,120,2770.079,0
3/23/2020,22:13:17,259023,56,285591,7,128798,3,121662,0,28765,3,850217,165,2770.079,0
3/24/2020,5:13:16,259073,49,285598,7,128798,0,121662,0,28766,1,850321,104,2770.079,0
3/24/2020,13:43:16,259132,60,285607,9,128801,3,121662,0,28768,2,850468,147,2770.079,0
3/24/2020,22:13:15,259192,60,285616,9,128805,4,121662,0,28770,2,850614,146,2770.079,0
3/25/2020,5:13:14,259241,49,285623,7,128808,3,121662,0,28772,2,850719,105,2770.079,0
3/25/2020,13:43:14,259301,60,285632,9,128812,4,121662,0,28774,2,850877,158,2770.079,0
3/25/2020,22:13:13,259360,59,285641,9,128816,4,121662,0,28776,2,851081,204,2770.079,0
3/26/2020,5:13:13,259409,48,285646,5,128819,3,121662,0,28778,2,851092,11,2770.079,0
3/26/2020,13:43:12,259464,56,285646,0,128823,4,121662,0,28780,2,851155,63,2770.079,0
3/26/2020,22:13:12,259514,49,285646,0,128826,3,121662,0,28782,2,851169,14,2770.079,0
3/27/2020,5:13:11,259555,42,285646,0,128829,3,121662,0,28784,2,851181,11,2770.079,0
3/27/2020,13:43:10,259605,50,285646,0,128832,3,121662,0,28786,2,851194,14,2770.079,0
3/27/2020,22:13:09,259651,46,285646,0,128835,3,121662,0,28788,2,851208,14,2770.079,0
3/28/2020,5:13:09,259686,35,285646,0,128838,3,121662,0,28790,2,851219,11,2770.079,0
3/28/2020,13:43:08,259728,42,285646,0,128841,3,121662,0,28792,2,851233,14,2770.079,0
3/28/2020,22:13:07,259769,41,285646,0,128844,3,121662,0,28794,2,851246,13,2770.079,0
3/29/2020,5:13:07,259804,35,285646,0,128847,3,121662,0,28796,2,851258,12,2770.079,0
3/29/2020,13:43:06,259848,44,285646,0,128850,3,121662,0,28798,2,851271,13,2770.079,0
3/29/2020,22:13:06,259889,41,285646,0,128854,4,121662,0,28800,2,851285,14,2770.079,0
3/30/2020,5:13:05,259924,35,285646,0,128856,2,121662,0,28802,2,851297,12,2770.079,0
3/30/2020,13:43:05,259966,42,285646,0,128859,3,121662,0,28804,2,851310,13,2770.079,0
3/30/2020,22:13:04,260007,41,285646,0,128859,0,121662,0,28806,2,851323,13,2770.079,0
3/31/2020,5:13:03,260042,34,285646,0,128859,0,121662,0,28808,2,851335,12,2770.079,0
3/31/2020,13:43:03,260083,42,285646,0,128859,0,121662,0,28810,2,851348,13,2770.079,0
3/31/2020,22:13:02,260124,41,285646,0,128859,0,121662,0,28812,2,851362,14,2770.079,0
4/1/2020,5:13:01,260158,34,285646,0,128859,0,121662,0,28814,2,851373,11,2770.079,0
4/1/2020,13:43:01,260200,42,285646,0,128859,0,121662,0,28816,2,851387,14,2770.079,0
4/1/2020,22:13:00,260242,41,285646,0,128859,0,121662,0,28819,2,851401,14,2770.079,0
4/2/2020,5:13:00,260276,35,285646,0,128859,0,121662,0,28820,2,851412,11,2770.079,0
4/2/2020,13:42:59,260318,42,285646,0,128859,0,121662,0,28822,2,851426,14,2770.079,0
4/2/2020,22:12:58,260360,42,285646,0,128859,0,121662,0,28825,3,851440,14,2770.079,0
4/3/2020,5:12:58,260394,34,285646,0,128859,0,121662,0,28826,1,851451,11,2770.079,0
4/3/2020,13:42:57,260436,42,285646,0,128859,0,121662,0,28828,2,851464,13,2770.079,0
4/3/2020,22:12:56,260477,41,285646,0,128859,0,121662,0,28831,3,851478,14,2770.079,0
4/4/2020,5:12:56,260512,34,285646,0,128859,0,121662,0,28832,1,851489,11,2770.079,0
4/4/2020,13:42:55,260554,42,285646,0,128859,0,121662,0,28834,2,851503,14,2770.079,0
4/4/2020,22:12:55,260595,42,285646,0,128859,0,121662,0,28837,3,851517,14,2770.079,0
4/5/2020,5:12:54,260630,35,285646,0,128859,0,121662,0,28838,1,851528,11,2770.079,0
4/5/2020,13:42:53,260674,44,285646,0,128859,0,121662,0,28841,3,851542,14,2770.079,0
4/5/2020,22:12:53,260718,44,285646,0,128859,0,121662,0,28843,2,851555,13,2770.079,0
4/6/2020,5:12:51,260755,37,285646,0,128859,0,121662,0,28844,1,851567,12,2770.079,0
4/6/2020,13:42:52,260796,41,285649,3,128859,0,121662,0,28846,2,851580,13,2770.079,0
4/6/2020,22:12:51,260838,42,285649,0,128859,0,121662,0,28849,3,851593,13,2770.079,0
4/7/2020,5:12:51,260873,35,285649,0,128859,0,121662,0,28850,1,851605,12,2770.079,0
4/7/2020,13:42:49,260915,42,285651,2,128859,0,121662,0,28852,2,851618,13,2770.079,0
4/7/2020,22:12:49,260957,41,285657,6,128859,0,121662,0,28855,3,851632,14,2770.079,0
4/8/2020,5:12:49,260991,35,285657,0,128859,0,121662,0,28856,1,851644,12,2770.079,0
4/8/2020,13:42:48,261033,42,285657,0,128859,0,121662,0,28859,2,851657,13,2770.079,0
4/8/2020,22:12:48,261074,41,285657,0,128859,0,121662,0,28861,3,851671,14,2770.079,0
4/9/2020,5:12:46,261108,34,285657,0,128859,0,121662,0,28862,1,851682,11,2770.079,0
4/9/2020,13:42:46,261149,41,285657,0,128859,0,121662,0,28864,2,851695,13,2770.079,0
4/9/2020,22:12:46,261190,41,285657,0,128859,0,121662,0,28867,3,851709,14,2770.079,0
4/10/2020,5:12:45,261224,34,285657,0,128859,0,121662,0,28868,1,851720,11,2770.079,0
4/10/2020,13:42:45,261265,41,285660,3,128859,0,121662,0,28870,2,851734,13,2770.079,0
4/10/2020,22:12:43,261306,41,285662,2,128865,6,121662,0,28873,3,851747,14,2770.079,0
4/11/2020,5:12:43,261341,35,285662,0,128865,0,121662,0,28874,1,851759,12,2770.079,0
4/11/2020,13:42:43,261382,41,285662,0,128865,0,121662,0,28876,2,851772,13,2770.079,0
4/11/2020,22:12:42,261426,44,285662,0,128865,0,121662,0,28879,3,851786,14,2770.079,0
4/12/2020,5:12:42,261465,39,285662,0,128865,0,121662,0,28880,1,852064,278,2770.079,0
4/12/2020,13:42:41,261512,47,285662,0,128865,0,121662,0,28882,2,852229,165,2770.079,0
4/12/2020,22:12:41,261560,47,285662,0,128865,0,121662,0,28884,2,852934,705,2770.079,0
4/13/2020,5:12:40,261599,40,285662,0,128865,0,121662,0,28886,2,853050,116,2770.079,0
4/13/2020,13:42:40,261646,47,285662,0,128865,0,121662,0,28888,2,853700,650,2770.079,0
4/13/2020,22:12:39,261692,45,285669,7,128865,0,121662,0,28890,2,854307,607,2770.079,0
4/14/2020,5:12:38,261731,40,285669,0,128865,0,121662,0,28892,2,854542,231,2770.079,0
4/14/2020,13:42:38,261779,47,285669,0,128865,0,121662,0,28894,2,854947,404,2770.079,0
4/14/2020,22:12:37,261826,48,285669,0,128865,0,121662,0,28896,2,855789,846,2770.079,0
4/15/2020,5:12:37,261866,40,285669,0,128865,0,121662,0,28898,2,856208,415,2770.079,0
4/15/2020,13:42:36,261914,47,285669,0,128865,0,121662,0,28900,2,856649,439,2770.079,0
4/15/2020,22:12:36,261961,48,285669,0,128865,0,121662,0,28902,2,857530,886,2770.079,0
4/16/2020,5:12:35,262000,39,285669,0,128865,0,121662,0,28904,2,857787,257,2770.079,0
4/16/2020,13:42:35,262047,47,285669,0,128865,0,121662,0,28906,2,858265,468,2770.079,0
4/16/2020,22:12:34,262095,47,285669,0,128865,0,121662,0,28908,2,859034,778,2770.079,0
4/17/2020,5:12:34,262133,39,285669,0,128865,0,121662,0,28910,2,859283,249,2770.079,0
4/17/2020,13:42:33,262180,47,285669,0,128865,0,121662,0,28912,2,859622,339,2770.079,0
4/17/2020,22:12:33,262225,45,285669,0,128865,0,121662,0,28914,2,860067,445,2770.079,0
4/18/2020,5:12:32,262263,38,285669,0,128865,0,121662,0,28916,2,860294,227,2770.079,0
4/18/2020,13:42:32,262309,46,285669,0,128865,0,121662,0,28918,2,860516,212,2770.079,0
4/18/2020,22:12:31,262355,45,285669,0,128865,0,121662,0,28920,2,861033,526,2770.079,0
4/19/2020,5:12:30,262392,38,285669,0,128865,0,121662,0,28922,2,861136,103,2770.079,0
4/19/2020,13:42:30,262438,46,285669,0,128865,0,121662,0,28924,2,861413,272,2770.079,0
4/19/2020,22:12:29,262485,46,285669,0,128865,0,121662,0,28926,2,861970,561,2770.079,0
4/20/2020,5:12:29,262523,38,285669,0,128865,0,121662,0,28928,2,862119,149,2770.079,0
4/20/2020,13:42:28,262568,45,285669,0,128865,0,121662,0,28930,2,862403,279,2770.079,0
4/20/2020,22:12:28,262614,46,285669,0,128865,0,121662,0,28932,2,862598,199,2770.079,0
4/21/2020,5:12:27,262651,37,285669,0,128865,0,121662,0,28934,2,862695,97,2770.079,0
4/21/2020,13:42:27,262697,46,285669,0,128865,0,121662,0,28936,2,862841,146,2770.079,0
4/21/2020,22:12:26,262743,46,285669,0,128865,0,121662,0,28938,2,863192,351,2770.079,0
4/22/2020,5:12:26,262781,38,285669,0,128865,0,121662,0,28940,2,863370,178,2770.079,0
4/22/2020,13:42:25,262828,47,285669,0,128865,0,121662,0,28942,2,863527,157,2770.079,0
4/22/2020,22:12:25,262874,46,285669,0,128865,0,121662,0,28944,2,864073,546,2770.079,0
4/23/2020,5:12:24,262913,39,285669,0,128865,0,121662,0,28946,2,864253,180,2770.079,0
4/23/2020,13:42:24,262958,45,285669,0,128865,0,121662,0,28948,2,864664,411,2770.079,0
4/23/2020,22:12:23,263004,46,285669,0,128865,0,121662,0,28950,2,865255,591,2770.079,0
4/24/2020,5:12:21,263042,38,285669,0,128865,0,121662,0,28952,2,865368,113,2770.079,0
4/24/2020,13:42:22,263089,46,285669,0,128865,0,121662,0,28954,2,865732,359,2770.079,0
4/24/2020,22:12:21,263135,46,285669,0,128865,0,121662,0,28956,2,866419,691,2770.079,0
4/25/2020,5:12:20,263172,38,285669,0,128865,0,121662,0,28958,2,866654,235,2770.079,0
4/25/2020,13:42:20,263219,47,285669,0,128865,0,121662,0,28960,2,867054,396,2770.079,0
4/25/2020,22:12:20,263264,44,285669,0,128865,0,121662,0,28962,2,867618,563,2770.079,0
4/26/2020,5:12:18,263302,39,285669,0,128865,0,121662,0,28964,2,867860,245,2770.079,0
4/26/2020,13:42:19,263344,42,285669,0,128865,0,121662,0,28966,2,868042,183,2770.079,0
4/26/2020,22:12:19,263390,46,285669,0,128865,0,121662,0,28968,2,868389,343,2770.079,0
4/27/2020,5:12:18,263428,38,285669,0,128865,0,121662,0,28970,2,868506,121,2770.079,0
4/27/2020,13:42:17,263474,46,285669,0,128865,0,121662,0,28972,2,868638,128,2770.079,0
4/27/2020,22:12:17,263520,46,285669,0,128865,0,121662,0,28974,2,868894,260,2770.079,0
4/28/2020,5:12:16,263558,38,285669,0,128865,0,121662,0,28976,2,869001,107,2770.079,0
4/28/2020,13:42:16,263604,46,285669,0,128865,0,121662,0,28978,2,869206,196,2770.079,0
4/28/2020,22:12:15,263645,40,0,4294681627,128865,0,121662,0,28980,2,869776,574,2770.079,0
4/29/2020,5:12:15,263683,39,0,0,128865,0,121662,0,28981,1,870010,238,2770.079,0
4/29/2020,13:42:14,263730,47,0,0,128865,0,121662,0,28983,2,870453,443,2770.079,0
4/29/2020,22:12:14,263777,47,285669,285669,128865,0,121662,0,28986,3,871068,612,2770.079,0
4/30/2020,5:12:12,263815,38,285669,0,128865,0,121662,0,28987,1,871324,259,2770.079,0
4/30/2020,13:42:13,263862,47,285669,0,128865,0,121662,0,28989,2,871732,403,2770.079,0
4/30/2020,22:12:12,263909,47,285669,0,128865,0,121662,0,28991,2,872442,714,2770.079,0
5/1/2020,5:12:11,263947,38,285669,0,128865,0,121662,0,28993,2,872703,257,2770.079,0
5/1/2020,13:42:11,263995,48,285669,0,128865,0,121662,0,28995,2,873220,521,2770.079,0
5/1/2020,22:12:11,264042,47,285669,0,128865,0,121662,0,28997,2,874074,849,2770.079,0
5/2/2020,5:12:09,264081,39,285669,0,128865,0,121662,0,28999,2,874323,253,2770.079,0
5/2/2020,13:42:10,264128,47,285669,0,128865,0,121662,0,29001,2,874766,438,2770.079,0
5/2/2020,22:12:09,264175,47,285669,0,128865,0,121662,0,29003,2,875366,605,2770.079,0
5/3/2020,5:12:09,264214,39,285669,0,128865,0,121662,0,29005,2,875634,264,2770.079,0
5/3/2020,13:42:08,264268,54,285675,6,128881,16,121662,0,29007,2,876096,456,2770.079,0
5/3/2020,22:12:17,264302,34,0,4294681621,128882,1,121662,0,29008,1,876489,399,2770.079,0
5/4/2020,5:12:16,264349,47,0,0,128882,0,121662,0,29010,2,876605,119,2770.079,0
5/4/2020,13:42:16,264407,58,285683,285683,128882,0,121662,0,29012,2,877011,401,2770.079,0
5/4/2020,22:12:15,264468,60,285706,23,128893,11,121662,0,29014,2,877492,486,2770.776,0.6970215
5/5/2020,5:12:15,264514,47,285713,7,128896,3,121662,0,29016,2,877610,118,2770.776,0
5/5/2020,13:42:14,264577,63,285722,8,128909,13,121662,0,29018,2,878457,847,2770.776,0
5/5/2020,22:12:13,264642,65,285730,9,128921,12,121662,0,29020,2,879052,595,2770.776,0
5/6/2020,5:12:13,264691,48,285737,7,128924,3,121662,0,29022,2,879173,121,2770.776,0
5/6/2020,13:42:13,264752,61,285746,9,128931,7,121662,0,29024,2,879857,679,2770.776,0
5/6/2020,22:12:12,264816,64,285755,8,128935,4,121662,0,29026,2,880588,735,2770.776,0
5/7/2020,5:12:12,264865,48,285762,8,128938,3,121662,0,29028,2,880975,387,2770.776,0
5/7/2020,13:42:11,264926,62,285770,8,128941,3,121662,0,29030,2,881384,404,2770.776,0
5/7/2020,22:12:10,264987,61,285778,8,128944,3,121662,0,29032,2,882182,798,2770.776,0
5/8/2020,5:12:10,265034,47,285786,7,128946,2,121662,0,29033,1,882542,364,2770.776,0
5/8/2020,13:42:09,265092,58,285794,9,129000,53,121662,0,29036,3,883065,518,2770.776,0
5/8/2020,22:12:09,265150,58,285803,9,129019,20,121662,0,29038,2,884087,1022,2770.776,0
5/9/2020,5:12:08,265197,47,285810,7,129022,3,121662,0,29039,1,884479,392,2770.776,0
5/9/2020,13:42:08,265280,83,286063,252,129207,184,121834,170,29041,2,885556,1071,2873.026,101.6052
5/9/2020,22:12:07,265357,77,286551,487,129267,61,121937,104,29044,3,887032,1485,2955.349,82.96777
5/10/2020,5:12:07,265404,47,286684,134,129267,0,121937,0,29045,1,887506,469,2955.349,0
5/10/2020,13:42:06,265454,50,286689,5,129267,0,121937,0,29047,2,887908,406,2955.349,0
5/10/2020,22:12:06,265511,57,286698,9,129267,0,121937,0,29049,2,888378,470,2955.349,0
5/11/2020,5:12:05,265558,47,286705,7,129267,0,121937,0,29051,2,888579,201,2955.349,0
5/11/2020,13:42:05,265616,58,286714,9,129267,0,121937,0,29053,2,888987,404,2955.349,0
5/11/2020,22:12:05,265672,56,286723,9,129268,1,121937,0,29055,2,889766,779,2955.349,0
5/12/2020,5:12:04,265717,45,286730,7,129268,0,121937,0,29057,2,890050,288,2955.349,0
5/12/2020,13:42:03,265774,57,286738,8,129269,1,121937,0,29059,2,890544,494,2955.349,0
5/12/2020,22:12:03,265836,61,286747,9,129272,3,121937,0,29061,2,891341,793,2955.349,0
5/13/2020,5:12:02,265885,50,286754,7,129304,31,121937,0,29063,2,891771,434,2955.349,0
5/13/2020,13:42:02,265984,99,287150,394,129506,202,122189,252,29065,2,892903,1132,3117.64,162.2915
5/13/2020,22:12:01,266045,61,287553,405,129509,3,122189,0,29067,2,893473,566,3117.64,0
5/14/2020,5:12:01,266094,49,287560,7,129512,3,122189,0,29069,2,893860,390,3117.64,0
5/14/2020,13:42:00,266154,60,287565,5,129514,2,122189,0,29071,2,894405,545,3117.64,0
5/14/2020,22:11:58,266168,14,287571,6,129516,2,122189,0,29071,0,894618,213,3117.64,0
5/15/2020,5:11:57,266215,47,287578,7,129552,35,122189,0,29073,2,895033,411,3117.64,0
5/15/2020,13:41:57,266320,105,288014,434,129749,198,122399,210,29075,2,896302,1262,3302.576,184.9358
5/15/2020,22:11:55,266383,63,288526,514,129751,2,122399,0,29077,2,897332,1038,3302.576,0
5/16/2020,5:11:56,266432,49,288534,8,129754,3,122399,0,29079,2,897747,415,3302.576,0
5/16/2020,13:41:55,266495,63,288542,8,129757,3,122399,0,29081,2,898520,773,3302.576,0
5/16/2020,22:11:55,266558,63,288551,9,129760,3,122399,0,29083,2,899526,1001,3302.576,0
5/17/2020,5:11:55,266607,49,288558,7,129762,2,122399,0,29085,2,900045,518,3302.576,0
5/17/2020,13:41:54,266671,64,288567,9,129765,3,122399,0,29087,2,900901,849,3302.576,0
5/17/2020,22:11:53,266731,59,288576,9,129767,2,122399,0,29089,2,901926,1035,3302.576,0
5/18/2020,5:11:53,266779,49,288583,7,129806,39,122399,0,29090,1,902346,416,3302.576,0
5/18/2020,13:41:53,266876,97,288944,360,129998,192,122601,202,29092,2,903743,1390,3472.501,169.925
5/18/2020,22:11:52,266940,63,289457,512,130000,2,122601,0,29095,3,904994,1261,3472.501,0
5/19/2020,5:11:52,266991,51,289525,70,130003,3,122601,0,29096,1,905413,419,3472.501,0
5/19/2020,13:41:51,267050,60,289534,9,130004,1,122601,0,29098,2,906196,778,3472.501,0
5/19/2020,22:11:51,267110,60,289543,9,130006,2,122601,0,29100,2,907262,1066,3472.501,0
5/20/2020,5:11:50,267159,49,289550,7,130035,28,122601,0,29102,2,907627,367,3472.501,0
5/20/2020,13:41:50,267258,99,289954,402,130250,216,122766,165,29104,2,908755,1124,3677.239,203.7673
5/20/2020,22:11:50,267328,70,290437,483,130272,22,122799,33,29106,2,910168,1409,3729.78,53.51123
5/21/2020,5:11:49,267376,48,290634,199,130274,2,122799,0,29108,2,910663,502,3729.78,0
5/21/2020,13:41:49,267435,59,290643,9,130277,3,122799,0,29110,2,911435,767,3729.78,0
5/21/2020,22:11:48,267499,64,290652,9,130279,2,122799,0,29112,2,912781,1351,3729.78,0
5/22/2020,5:11:48,267547,48,290659,7,130281,2,122799,0,29114,2,913278,492,3729.78,0
5/22/2020,13:41:48,267638,91,290974,313,130499,217,122981,182,29116,2,914653,1373,3881.914,151.1675
5/22/2020,22:11:48,267711,73,291384,412,130542,44,123064,83,29117,1,915053,405,3958.04,77.09253
5/23/2020,5:11:47,267758,46,291391,7,130544,2,123064,0,29118,1,915055,2,3958.04,0
5/23/2020,13:41:47,267826,69,291564,172,130733,188,123161,96,29221,102,915055,0,4033.063,74.05176
5/23/2020,22:11:46,267901,75,292038,473,130789,57,123255,95,29247,27,916593,1528,4116.101,83.76587
5/24/2020,5:11:45,267949,48,292243,207,130791,2,123255,0,29247,0,917101,513,4116.101,0
5/24/2020,13:41:46,268015,65,292252,9,130794,3,123255,0,29247,0,917698,600,4116.101,0
5/24/2020,22:11:46,268074,59,292261,9,130796,2,123255,0,29247,0,917698,0,4116.101,0
5/25/2020,5:11:45,268124,50,292268,7,130799,3,123255,0,29247,0,917698,0,4116.101,0
5/25/2020,13:41:45,268219,94,292583,314,131011,211,123464,208,29247,0,917698,0,4271.436,154.3599
5/25/2020,22:11:45,268295,76,293056,472,131061,51,123552,89,29247,0,917698,0,4350.1,79.39551
5/26/2020,5:11:45,268345,51,293353,299,131063,2,123552,0,29247,0,917698,0,4350.1,0
5/26/2020,13:41:44,268437,92,293672,317,131249,185,123762,209,29247,0,917698,0,4512.624,161.5542
5/26/2020,22:11:44,268514,77,294144,472,131310,62,123842,81,29247,0,917698,0,4599.681,88.02734
5/27/2020,5:11:44,268564,49,294432,289,131312,2,123842,0,29247,0,917698,0,4599.681,0
5/27/2020,13:41:42,268655,92,294739,305,131502,189,124034,191,29247,0,917698,0,4753.568,152.916
5/27/2020,22:11:42,268730,75,295147,409,131565,64,124093,60,29247,0,917698,0,4835.431,82.8335
5/28/2020,5:11:41,268777,47,295155,8,131568,3,124093,0,29247,0,917698,0,4835.431,0
5/28/2020,13:41:40,268861,83,295437,280,131754,185,124281,186,29247,0,917698,0,4969.157,132.7568
5/28/2020,22:11:40,268928,67,295685,249,131814,61,124359,79,0,4294938049,0,4294049598,5061.007,92.81934
5/29/2020,5:11:39,268974,45,295692,7,131817,3,124359,0,0,0,0,0,5061.007,0
5/29/2020,13:41:38,269075,102,295987,293,132005,187,124587,227,0,0,0,0,5202.229,140.2485
5/29/2020,22:11:38,269146,71,296478,490,132062,58,124657,71,0,0,0,0,5270.436,68.93555
5/30/2020,5:11:37,269194,47,296522,46,132064,2,124657,0,0,0,0,0,5270.436,0
5/30/2020,13:41:36,269280,87,296841,318,132282,217,124880,221,0,0,0,0,5427.018,155.8477
5/30/2020,22:11:35,269352,72,297206,366,132327,46,124963,85,0,0,0,0,5503.831,77.54785
5/31/2020,5:11:35,269397,45,297214,8,132331,4,124963,0,0,0,0,0,5503.831,0
5/31/2020,13:41:34,269461,64,297222,8,132336,5,124963,0,0,0,0,0,5503.831,0
5/31/2020,22:11:33,269518,57,297231,9,132340,4,124963,0,0,0,0,0,5503.831,0
6/1/2020,5:11:33,269564,46,297239,8,132346,6,124963,0,0,0,0,0,5503.831,0
6/1/2020,13:41:32,269655,91,297546,306,132558,211,125168,204,0,0,0,0,5649.394,144.5923
6/1/2020,22:11:31,269725,70,298039,492,132597,40,125228,61,0,0,0,0,5711.82,63.39648
6/2/2020,5:11:30,269775,50,298133,96,132599,2,125228,0,0,0,0,0,5711.82,0
6/2/2020,13:41:30,269871,96,298457,322,132809,209,125454,225,0,0,0,0,5871.943,159.1455
6/2/2020,22:11:29,269946,74,298944,486,132852,44,125531,78,0,0,0,0,5939.755,68.78955
6/3/2020,5:11:28,269995,49,299066,124,132854,2,125531,0,0,0,0,0,5939.755,0
6/3/2020,13:41:27,270088,93,299389,321,133052,197,125742,209,0,0,0,0,6098.931,158.2026
6/3/2020,22:11:27,270169,82,299859,470,133134,83,125881,140,0,0,0,0,6209.61,111.6523
6/4/2020,5:11:26,270218,49,300027,169,133137,3,125881,0,0,0,0,0,6209.61,0
6/4/2020,13:41:25,270317,98,300377,349,133360,222,126126,243,0,0,0,0,6385.625,175.0327
6/4/2020,22:11:25,270391,75,300806,428,133436,77,126242,118,0,0,0,0,6483.221,98.33154
6/5/2020,5:11:24,270438,47,300859,55,133441,5,126242,0,29248,29248,918227,918227,6483.221,0
6/5/2020,13:41:23,270538,100,301206,345,133652,210,126488,245,29250,2,919261,1025,6655.892,171.6895
6/5/2020,22:11:22,270623,84,301680,472,133733,81,126620,133,29252,2,920419,1162,6759.662,104.7515
6/6/2020,5:11:22,270673,50,301809,131,133737,3,126620,0,29254,2,920788,373,6759.662,0
6/6/2020,13:41:21,270769,96,302160,349,133957,220,126876,255,29256,2,921868,1076,6935.173,174.542
6/6/2020,22:11:20,270852,83,302629,469,134041,85,127018,143,29258,2,923010,1142,7044.825,110.6216
6/7/2020,5:11:20,270902,49,302813,186,134045,4,127018,0,29260,2,923421,414,7044.825,0
6/7/2020,13:41:19,270974,73,302822,9,134048,3,127018,0,29262,2,923552,130,7044.825,0
6/7/2020,22:11:18,271049,75,302831,9,134050,2,127018,0,29264,2,924087,528,7044.825,0
6/8/2020,5:11:17,271103,54,302838,7,134053,3,127018,0,29266,2,924495,408,7044.825,0
6/8/2020,13:41:17,271211,107,303161,321,134267,213,127247,228,29268,2,925590,1093,7202.752,156.9424
6/8/2020,22:11:16,271309,98,303622,460,134360,94,127404,158,29270,2,927205,1624,7326.074,124.0596
6/9/2020,5:11:15,271363,55,303847,227,134363,3,127404,0,29272,2,927681,476,7326.074,0
6/9/2020,13:41:15,271467,104,304168,319,134570,206,127633,228,29274,2,929180,1489,7486.111,159.3071
6/9/2020,22:11:14,271558,91,304633,465,134663,94,127785,153,29276,2,931058,1878,7607.229,121.8481
6/10/2020,5:11:13,271613,54,304892,261,134666,3,127785,0,29278,2,931618,567,7607.229,0
6/10/2020,13:41:13,271707,95,305211,319,134856,190,127931,146,29280,2,932919,1297,7676.11,68.88135
6/10/2020,22:11:12,271807,99,305578,365,134972,116,128086,155,29282,2,934532,1608,7823.181,147.0708
6/11/2020,5:11:11,271861,55,305852,276,134976,3,128086,0,29283,1,935070,542,7823.181,0
6/11/2020,13:41:11,271962,101,306173,319,135162,186,128310,223,29285,2,936679,1603,7983.995,159.8481
6/11/2020,22:11:10,272058,95,306632,459,135262,101,128473,164,29287,2,938687,2008,8118.584,135.5552
6/12/2020,5:11:10,272111,54,306953,323,135265,3,128473,0,29289,2,939348,669,8118.584,0
6/12/2020,13:41:09,272210,99,307263,308,135465,199,128700,227,29291,2,941022,1664,8274.835,155.2759
6/12/2020,22:11:09,272308,98,307716,453,135575,111,128884,184,29293,2,943108,2091,8416.586,142.7256
6/13/2020,5:11:08,272361,53,308066,351,135578,3,128884,0,29295,2,943879,771,8416.586,0
6/13/2020,13:41:07,272463,101,308376,308,135804,225,129104,218,29297,2,945525,1642,8573.485,155.9346
6/13/2020,22:11:07,272561,98,308833,457,135918,114,129290,188,29299,2,946983,1462,8718.763,146.2422
6/14/2020,5:11:06,272613,53,309096,265,135921,3,129290,0,29300,1,947612,624,8718.763,0
6/14/2020,13:41:05,272679,66,309105,9,135924,3,129290,0,29302,2,948382,778,8718.763,0
6/14/2020,22:11:05,272750,70,309114,8,135927,3,129290,0,29305,3,949564,1182,8718.763,0
6/15/2020,5:11:05,272803,53,309121,8,135962,34,129290,0,29306,1,950211,647,8718.763,0
6/15/2020,13:41:04,272918,114,309580,457,136185,224,129556,265,29308,2,952223,2011,8863.575,144.0928
6/15/2020,22:11:04,273002,85,310051,470,136239,54,129642,87,29310,2,953701,1479,8956.365,93.50977
6/16/2020,5:11:03,273055,53,310266,217,136267,27,129642,0,29312,2,954246,536,8956.365,0
6/16/2020,13:41:02,273170,114,310673,406,136493,226,129944,302,29314,2,956082,1833,9169.409,212.0791
6/16/2020,22:11:02,273246,77,311158,484,136523,30,129962,18,29316,2,957629,1557,9223.714,55.02832
6/17/2020,5:11:01,273298,52,311390,234,136550,27,129962,0,29318,2,958342,709,9223.714,0
6/17/2020,13:41:01,273399,101,311725,333,136769,218,130196,233,29320,2,960041,1693,9395.128,170.4355
6/17/2020,22:11:00,273489,90,312188,463,136854,86,130325,130,29322,2,962002,1969,9509.701,115.3076
6/18/2020,5:11:00,273541,52,312509,323,136880,26,130325,0,29324,2,962639,633,9509.701,0
6/18/2020,13:40:59,273651,109,312918,408,137104,223,130629,303,29326,2,964512,1867,9725.805,215.1357
6/18/2020,22:10:58,273733,82,313266,347,137147,44,130696,68,29327,1,966221,1708,9809.331,84.49414
6/19/2020,5:10:59,273787,55,313655,391,137174,27,130696,0,29329,2,967076,864,9809.331,0
6/19/2020,13:40:58,273900,112,314061,404,137397,222,131015,317,29331,2,968754,1668,10024.07,213.7666
6/19/2020,22:10:58,273989,90,314542,481,137442,46,131092,78,29333,2,970340,1587,10093.58,70.24121
6/20/2020,5:10:57,274046,57,314735,195,137473,30,131092,0,29335,2,971011,671,10093.58,0
6/20/2020,13:40:57,274164,117,315152,415,137696,223,131399,305,29337,2,972805,1792,10311.31,216.7559
6/20/2020,22:10:56,274247,83,315632,479,137744,49,131464,66,29339,2,974338,1541,10377.95,67.6123
6/21/2020,5:10:56,274304,57,315805,174,137753,9,131464,0,29341,2,975023,685,10377.95,0
6/21/2020,13:40:55,274382,78,315813,8,137757,4,131464,0,29343,2,975677,654,10377.95,0
6/21/2020,22:10:55,274448,66,315820,7,137760,3,131464,0,29345,2,976664,983,10377.95,0
6/22/2020,5:10:54,274502,54,315827,7,137797,36,131464,0,29346,1,977083,422,10377.95,0
6/22/2020,13:40:54,274614,111,316178,349,138025,228,131729,264,29348,2,978435,1343,10553.64,174.7344
6/22/2020,22:10:53,274696,82,316661,482,138069,45,131795,67,29351,3,979738,1311,10620.25,67.56934
6/23/2020,5:10:53,274752,57,316796,137,138098,28,131795,0,29352,1,980412,668,10620.25,0
6/23/2020,13:40:52,274875,123,317211,413,138328,230,132095,299,29354,2,982145,1728,10836.39,215.1777
6/23/2020,22:10:52,274961,86,317673,461,138395,68,132136,42,29356,2,983544,1404,10943.84,108.1729
6/24/2020,5:10:52,275018,57,317953,282,138423,27,132136,0,29358,2,984257,717,10943.84,0
6/24/2020,13:40:51,275140,121,318370,415,138650,226,132438,300,29360,2,986023,1762,11162.93,218.1094
6/24/2020,22:10:51,275241,102,318823,453,138747,97,132504,67,29362,2,986932,912,11309.6,147.4072
6/25/2020,5:10:50,275306,64,318982,159,138837,89,132519,15,29364,2,987384,448,11367.31,56.7334
6/25/2020,13:40:50,275421,116,319420,438,139063,226,132845,325,29366,2,989138,1748,11615.64,248.3359
6/25/2020,22:10:49,275518,97,319869,450,139160,98,132941,97,29368,2,990515,1377,11740.96,126.2842
6/26/2020,5:10:49,275574,56,319877,8,139191,30,132941,0,29370,2,991156,649,11740.96,0
6/26/2020,13:40:49,275695,121,320284,405,139420,229,133270,328,29372,2,992923,1757,11954.25,212.3203
6/26/2020,22:10:48,275793,98,320691,407,139509,90,133348,79,29374,2,994461,1543,12092.78,139.2646
6/27/2020,5:10:48,275849,56,321067,378,139537,28,133348,0,29375,1,995197,735,12092.78,0
6/27/2020,13:40:48,275964,114,321450,381,139773,235,133665,316,29377,2,997088,1885,12295.34,201.5947
6/27/2020,22:10:48,276064,101,321906,456,139891,119,133753,89,29379,2,998911,1833,12432.82,138.4375
6/28/2020,5:10:47,276120,56,322218,313,139897,6,133753,0,29381,2,999728,811,12432.82,0
6/28/2020,13:40:47,276198,78,322227,9,139900,3,133753,0,29383,2,731,4293968303,12432.82,0
6/28/2020,22:10:47,276265,67,322236,9,139903,3,133753,0,29385,2,2093,1354,12432.82,0
6/29/2020,5:10:47,276321,55,322243,7,139948,44,133753,0,29387,2,2708,618,12432.82,0
6/29/2020,13:40:47,276441,121,322663,418,140185,237,134080,326,29389,2,4564,1851,12651.94,218.1543
6/29/2020,22:10:46,276529,88,323113,450,140277,93,134152,73,29391,2,6017,1453,12772.47,121.502
6/30/2020,5:10:46,276585,56,323435,324,140307,30,134152,0,29393,2,6564,554,12772.47,0
6/30/2020,13:40:46,276689,104,323833,396,140518,210,134287,134,29395,2,7788,1214,12970.74,197.2969
6/30/2020,22:10:46,276781,92,324027,196,140598,81,134426,140,29397,2,9378,1590,13071.98,101.9639
7/1/2020,5:10:45,276837,56,324034,7,140632,33,134432,6,29398,1,10096,722,13071.98,0
7/1/2020,13:40:45,276951,113,324449,413,140869,237,134765,331,29400,2,12010,1908,13288.58,215.6357
7/1/2020,22:10:45,277051,101,324908,459,140956,88,134835,72,29402,2,13633,1626,13419.67,131.8174
7/2/2020,5:10:45,277108,56,325238,332,140993,36,134835,0,29404,2,14441,808,13419.67,0
7/2/2020,13:40:45,277220,112,325645,405,141231,238,135173,336,29406,2,16325,1878,13636.17,215.7666
7/2/2020,22:10:45,277327,107,326092,446,141317,87,135268,97,29408,2,18215,1895,13776.74,141.2998
7/3/2020,5:10:44,277383,57,326498,408,141350,33,135268,0,29410,2,18971,751,13776.74,0
7/3/2020,13:40:44,277497,113,326903,404,141589,238,135578,309,29412,2,20944,1971,13994.28,216.5781
7/3/2020,22:10:44,277605,108,327299,397,141767,179,135663,85,29414,2,22922,1987,14188.69,195.374
7/4/2020,5:10:44,277661,56,327306,7,141800,32,135663,0,29416,2,23701,779,14188.69,0
7/4/2020,13:40:44,277780,119,327726,418,142035,235,135990,326,29418,2,25361,1650,14411.44,221.791
7/4/2020,22:10:44,277874,94,328112,386,142107,72,136057,68,29420,2,26793,1433,14524.42,113.9385
7/5/2020,5:10:43,277931,56,328380,270,142113,6,136057,0,29421,1,27318,533,14524.42,0
7/5/2020,13:40:43,278008,78,328389,9,142116,3,136057,0,29423,2,27801,483,14524.42,0
7/5/2020,22:10:42,278076,68,328398,9,142119,3,136057,0,29425,2,28671,866,14524.42,0
7/6/2020,5:10:42,278132,56,328405,7,142156,37,136057,0,29427,2,29348,681,14524.42,0
7/6/2020,13:40:42,278253,120,328815,409,142393,236,136382,323,29429,2,31025,1668,14737.94,212.5557
7/6/2020,22:10:42,278346,93,329276,460,142461,69,136413,33,29431,2,32357,1340,14849.62,112.6484
7/7/2020,5:10:41,278401,56,329515,240,142498,37,136413,0,29433,2,33023,662,14849.62,0
7/7/2020,13:40:41,278519,118,329943,426,142730,232,136764,349,29435,2,34856,1828,15078.48,227.9004
7/7/2020,22:10:41,278605,85,330275,334,142785,55,136828,66,29437,2,36199,1348,15149.65,72.12305
7/8/2020,5:10:41,278661,57,330282,7,142821,35,136828,0,29439,2,36676,481,15149.65,0
7/8/2020,13:40:40,278776,114,330694,411,143052,231,137154,325,29441,2,38061,1376,15364.59,213.9658
7/8/2020,22:10:40,278861,86,331176,481,143092,41,137218,65,29443,2,39053,1000,15428.42,64.55859
